Workbook

Sheet base vs fixed vs dynamic
M1: Inference
D2: Power | H2: HW Utilization | M2: Model1 | O2: Model2 | Q2: Model3 | S2: FoM_1 Max | T2: Timing Report (ns)
C3: Engine | D3: Total_Power(W) | E3: Dynamic_Power(W) | F3: Static_Power(W) | G3: SA_Power(W) | H3: LUT_SA | I3: FF_SA | J3: BRAM_TOP | K3: LUT_TOP | L3: FF_TOP | M3: Accuracy(%) | N3: Fidelity(%) | O3: Accuracy(%) | P3: Fidelity(%) | Q3: Accuracy(%) | R3: Fidelity(%) | S3: =MAX(S4:S273) -> 24970.315 | T3: WNS | U3: WHS | V3: WPWS
C4: Baseline | D4: 0.264 | E4: 0.155 | F4: 0.109 | G4: 0.076 | H4: 5971 | I4: 4621 | J4: 72 | K4: 6960 | L4: 6643 | M4: 76 | N4: 100 | O4: 92 | P4: 100 | Q4: 52 | R4: 100
C5: Fixed-7 | D5: 0.249 | E5: 0.14 | F5: 0.109 | G5: 0.062 | H5: 5979 | I5: 4557 | J5: 72 | K5: 6972 | L5: 6643 | M5: 89 | N5: 74 | O5: 86 | P5: 87 | Q5: 49 | R5: 87 | S5: =(M5*N5*O5*P5*Q5*R5)/(H5*I5*J5*(E5*G5)) -> 12336.585
C6: Fixed-6 | D6: 0.31 | E6: 0.2 | F6: 0.109 | G6: 0.053 | H6: 4692 | I6: 4253 | J6: 64 | K6: 5526 | L6: 6225 | M6: 83.5 | N6: 75.5 | O6: 84.5 | P6: 86.5 | Q6: 49 | R6: 84 | S6: =(M6*N6*O6*P6*Q6*R6)/(H6*I6*J6*(E6*G6)) -> 14010.137
C7: Fixed_5 | D7: 0.28 | E7: 0.172 | F7: 0.108 | G7: 0.041 | H7: 3316 | I7: 3949 | J7: 56 | K7: 4118 | L7: 5903 | M7: 60 | N7: 56 | O7: 81 | P7: 82.5 | Q7: 49 | R7: 83 | S7: =(M7*N7*O7*P7*Q7*R7)/(H7*I7*J7*(E7*G7)) -> 17658.363
C8: Fixed-4 | D8: 0.255 | E8: 0.148 | F8: 0.108 | G8: 0.032 | H8: 2732 | I8: 3645 | J8: 48 | K8: 3539 | L8: 5581 | M8: 32 | N8: 31 | O8: 65 | P8: 66 | Q8: 48.5 | R8: 77 | S8: =(M8*N8*O8*P8*Q8*R8)/(H8*I8*J8*(E8*G8)) -> 7020.536
C9: M5 | D9: 0.253 | E9: 0.145 | F9: 0.109 | G9: 0.067 | H9: 5299 | I9: 4493 | J9: 72 | K9: 6292 | L9: 6515 | M9: 76 | N9: 98 | O9: 91 | P9: 98 | Q9: 52 | R9: 98.5 | S9: =(M9*N9*O9*P9*Q9*R9)/(H9*I9*J9*(E9*G9)) -> 20428.716 | T9: 1.656 | U9: 0.067 | V9: 4.02
C10: M4 | D10: 0.251 | E10: 0.143 | F10: 0.109 | G10: 0.065 | H10: 5612 | I10: 4429 | J10: 72 | K10: 6623 | L10: 6451 | M10: 75.5 | N10: 96.5 | O10: 90.5 | P10: 97 | Q10: 51 | R10: 96 | S10: =(M10*N10*O10*P10*Q10*R10)/(H10*I10*J10*(E10*G10)) -> 18824.817 | T10: 1.703 | U10: 0.081 | V10: 4.02
C11: M3 | D11: 0.31 | E11: 0.201 | F11: 0.109 | G11: 0.054 | H11: 4604 | I11: 4125 | J11: 64 | K11: 5425 | L11: 6097 | M11: 74.5 | N11: 92 | O11: 89.5 | P11: 94 | Q11: 50.5 | R11: 93.5 | S11: =(M11*N11*O11*P11*Q11*R11)/(H11*I11*J11*(E11*G11)) -> 20638.062 | T11: 1.527 | U11: 0.08 | V11: 4.02
C12: M2 | D12: 0.288 | E12: 0.18 | F12: 0.108 | G12: 0.048 | H12: 4542 | I12: 3821 | J12: 56 | K12: 5350 | L12: 5775 | M12: 72 | N12: 86 | O12: 87.5 | P12: 90 | Q12: 50 | R12: 86 | S12: =(M12*N12*O12*P12*Q12*R12)/(H12*I12*J12*(E12*G12)) -> 24970.315 | T12: 1.653 | U12: 0.079 | V12: 4.02
C13: M1 | D13: 0.263 | E13: 0.155 | F13: 0.108 | G13: 0.038 | H13: 3648 | I13: 3453 | J13: 48 | K13: 4447 | L13: 5389 | M13: 67 | N13: 71 | O13: 65.5 | P13: 66 | Q13: 48 | R13: 73.5 | S13: =(M13*N13*O13*P13*Q13*R13)/(H13*I13*J13*(E13*G13)) -> 20372.251 | T13: 2.051 | U13: 0.079 | V13: 4.02
E20: Engines | F20: PWR_SA(W) | G20: LUT_SA | H20: FF_SA | I20: Total BRAM | J20: Error Avg(%) | K20: Error Var(‰)
E21: Baseline | F21: 0.076 | G21: 5971 | H21: 4621 | I21: 72 | J21: 0 | K21: 0
E22: Fixed-7 | F22: 0.062 | G22: 5979 | H22: 4557 | I22: 72 | J22: 4.821 | K22: 18.97 | M22: Engine | N22: Accuracy, Fidelity (%) | O22: Engine | P22: Fidelity(%) | Q22: Engine | R22: Fidelity(%)
E23: Fixed-6 | F23: 0.053 | G23: 4692 | H23: 4253 | I23: 64 | J23: 8.157 | K23: 33.55 | L23: Baseline | M23: Model1 | N23: 76 | O23: Fixed-7 | P23: 87 | Q23: Fixed-7 | R23: 87
E24: Fixed_5 | F24: 0.041 | G24: 3316 | H24: 3949 | I24: 56 | J24: 14.22 | K24: 61.02 | M24: Model2 | N24: 92 | O24: Fixed-6 | P24: 86.5 | Q24: Fixed-6 | R24: 84
E25: Fixed-4 | F25: 0.032 | G25: 2732 | H25: 3645 | I25: 48 | J25: 17.31 | K25: 103.6 | M25: Model3 | N25: 52 | O25: Fixed_5 | P25: 82.5 | Q25: Fixed_5 | R25: 83
E26: M5 | F26: 0.067 | G26: 5299 | H26: 4493 | I26: 72 | J26: 1.424 | K26: 0.162 | L26: Fixed-7 | M26: Model1 | N26: 74 | O26: Fixed-4 | P26: 66 | Q26: Fixed-4 | R26: 77
E27: M4 | F27: 0.065 | G27: 5612 | H27: 4429 | I27: 72 | J27: 2.957 | K27: 0.546 | M27: Model2 | N27: 87 | O27: M5 | P27: 98 | Q27: M5 | R27: 98.5
E28: M3 | F28: 0.054 | G28: 4604 | H28: 4125 | I28: 64 | J28: 5.88 | K28: 1.973 | M28: Model3 | N28: 87 | O28: M4 | P28: 97 | Q28: M4 | R28: 96
E29: M2 | F29: 0.048 | G29: 4542 | H29: 3821 | I29: 56 | J29: 9.365 | K29: 4.352 | L29: Fixed-6 | M29: Model1 | N29: 75.5 | O29: M3 | P29: 94 | Q29: M3 | R29: 93.5
E30: M1 | F30: 0.038 | G30: 3648 | H30: 3453 | I30: 48 | J30: 17.31 | K30: 11.52 | M30: Model2 | N30: 86.5 | O30: M2 | P30: 90 | Q30: M2 | R30: 86
M31: Model3 | N31: 84 | O31: M1 | P31: 66 | Q31: M1 | R31: 73.5
L32: Fixed_5 | M32: Model1 | N32: 56
M33: Model2 | N33: 82.5
M34: Model3 | N34: 83
L35: Fixed-4 | M35: Model1 | N35: 31
M36: Model2 | N36: 66
M37: Model3 | N37: 77
L38: M5 | M38: Model1 | N38: 98
M39: Model2 | N39: 98
M40: Model3 | N40: 98.5
L41: M4 | M41: Model1 | N41: 96.5
M42: Model2 | N42: 97
M43: Model3 | N43: 96.5
L44: M3 | M44: Model1 | N44: 92
M45: Model2 | N45: 94
M46: Model3 | N46: 93.5
L47: M2 | M47: Model1 | N47: 86
M48: Model2 | N48: 90
M49: Model3 | N49: 86
L50: M1 | M50: Model1 | N50: 71
M51: Model2 | N51: 66
M52: Model3 | N52: 73.5

Sheet dynamic scaling metrics
N1: Inference | X1: =MIN(X4:X273) -> 0.016 | Y1: =MIN(Y4:Y273) -> 0.036 | Z1: =MIN(Z4:Z273) -> 0.017 | AA1: =MIN(AA4:AA273) -> 0.015 | AB1: =MIN(AB4:AB273) -> 0.017 | AF1: =MAX(AF9,AF15,AF21,AF27,AF33,AF39,AF45,AF51,AF57,AF63,AF69,AF75,AF81,AF87,AF93,AF99,AF105,AF111,AF117,AF123,AF129,AF135,AF141,AF147,AF153,AF159,AF165,AF171,AF177,AF183,AF189,AF195,AF201,AF207,AF213,AF219,AF225,AF231,AF237,AF243,AF249,AF255,AF261,AF267,AF273) -> 1894.5009 | AG1: =MAX(AG9,AG15,AG21,AG27,AG33,AG39,AG45,AG51,AG57,AG63,AG69,AG75,AG81,AG87,AG93,AG99,AG105,AG111,AG117,AG123,AG129,AG135,AG141,AG147,AG153,AG159,AG165,AG171,AG177,AG183,AG189,AG195,AG201,AG207,AG213,AG219,AG225,AG231,AG237,AG243,AG249,AG255,AG261,AG267,AG273) -> 1977.3352 | AH1: =MAX(AH9,AH15,AH21,AH27,AH33,AH39,AH45,AH51,AH57,AH63,AH69,AH75,AH81,AH87,AH93,AH99,AH105,AH111,AH117,AH123,AH129,AH135,AH141,AH147,AH153,AH159,AH165,AH171,AH177,AH183,AH189,AH195,AH201,AH207,AH213,AH219,AH225,AH231,AH237,AH243,AH249,AH255,AH261,AH267,AH273) -> 2088.3324 | AI1: =MAX(AI9,AI15,AI21,AI27,AI33,AI39,AI45,AI51,AI57,AI63,AI69,AI75,AI81,AI87,AI93,AI99,AI105,AI111,AI117,AI123,AI129,AI135,AI141,AI147,AI153,AI159,AI165,AI171,AI177,AI183,AI189,AI195,AI201,AI207,AI213,AI219,AI225,AI231,AI237,AI243,AI249,AI255,AI261,AI267,AI273) -> 2574.8505 | AJ1: =MAX(AJ9,AJ15,AJ21,AJ27,AJ33,AJ39,AJ45,AJ51,AJ57,AJ63,AJ69,AJ75,AJ81,AJ87,AJ93,AJ99,AJ105,AJ111,AJ117,AJ123,AJ129,AJ135,AJ141,AJ147,AJ153,AJ159,AJ165,AJ171,AJ177,AJ183,AJ189,AJ195,AJ201,AJ207,AJ213,AJ219,AJ225,AJ231,AJ237,AJ243,AJ249,AJ255,AJ261,AJ267,AJ273) -> 2488.9732 | AK1: =MAX(AK9,AK15,AK21,AK27,AK33,AK39,AK45,AK51,AK57,AK63,AK69,AK75,AK81,AK87,AK93,AK99,AK105,AK111,AK117,AK123,AK129,AK135,AK141,AK147,AK153,AK159,AK165,AK171,AK177,AK183,AK189,AK195,AK201,AK207,AK213,AK219,AK225,AK231,AK237,AK243,AK249,AK255,AK261,AK267,AK273) -> 2968.8262 | AL1: =MAX(AL9,AL15,AL21,AL27,AL33,AL39,AL45,AL51,AL57,AL63,AL69,AL75,AL81,AL87,AL93,AL99,AL105,AL111,AL117,AL123,AL129,AL135,AL141,AL147,AL153,AL159,AL165,AL171,AL177,AL183,AL189,AL195,AL201,AL207,AL213,AL219,AL225,AL231,AL237,AL243,AL249,AL255,AL261,AL267,AL273) -> 3256.7393 | AM1: =MAX(AM9,AM15,AM21,AM27,AM33,AM39,AM45,AM51,AM57,AM63,AM69,AM75,AM81,AM87,AM93,AM99,AM105,AM111,AM117,AM123,AM129,AM135,AM141,AM147,AM153,AM159,AM165,AM171,AM177,AM183,AM189,AM195,AM201,AM207,AM213,AM219,AM225,AM231,AM237,AM243,AM249,AM255,AM261,AM267,AM273) -> 3956.193 | ... CQ1: =MAX(CQ9,CQ15,CQ21,CQ27,CQ33,CQ39,CQ45,CQ51,CQ57,CQ63,CQ69,CQ75,CQ81,CQ87,CQ93,CQ99,CQ105,CQ111,CQ117,CQ123,CQ129,CQ135,CQ141,CQ147,CQ153,CQ159,CQ165,CQ171,CQ177,CQ183,CQ189,CQ195,CQ201,CQ207,CQ213,CQ219,CQ225,CQ231,CQ237,CQ243,CQ249,CQ255,CQ261,CQ267,CQ273) -> 4517.7081 | CS1: =MAX(CS9,CS15,CS21,CS27,CS33,CS39,CS45,CS51,CS57,CS63,CS69,CS75,CS81,CS87,CS93,CS99,CS105,CS111,CS117,CS123,CS129,CS135,CS141,CS147,CS153,CS159,CS165,CS171,CS177,CS183,CS189,CS195,CS201,CS207,CS213,CS219,CS225,CS231,CS237,CS243,CS249,CS255,CS261,CS267,CS273) -> 100
E2: Power | I2: HW Utilization | N2: Model1 | P2: Model2 | R2: Model3 | T2: FoM_2 Max | U2: Timing Report (ns) | X2: Bitband Region_SA | AC2: =MIN(AC4:AC273) -> 3835.4484 | AD2: Fidelity/Sparsity | AE2: Weight | AF2: 0 | AG2: 0 | AH2: 0 | AI2: 0 | AJ2: 0 | AK2: 0 | AL2: 0 | AM2: 0 | AN2: 0.125 | AO2: 0.125 | AP2: 0.125 | AQ2: 0.125 | AR2: 0.125 | AS2: 0.125 | AT2: 0.125 | AU2: 0.125 | AV2: =AN2+0.125 -> 0.25 | AW2: =AO2+0.125 -> 0.25 | AX2: =AP2+0.125 -> 0.25 | AY2: =AQ2+0.125 -> 0.25 | AZ2: =AR2+0.125 -> 0.25 | BA2: =AS2+0.125 -> 0.25 | BB2: =AT2+0.125 -> 0.25 | BC2: =AU2+0.125 -> 0.25 | ... CQ2: =CI2+0.125 -> 0.875 | CR2: Weight | CS2: 0 | CT2: 0 | CU2: 0 | CV2: 0 | CW2: 0 | CX2: 0 | CY2: 0 | CZ2: 0 | DA2: 0.125 | DB2: 0.125 | DC2: 0.125 | DD2: 0.125 | DE2: 0.125 | DF2: 0.125 | DG2: 0.125 | DH2: 0.125 | DI2: =DA2+0.125 -> 0.25 | DJ2: =DB2+0.125 -> 0.25 | DK2: =DC2+0.125 -> 0.25 | DL2: =DD2+0.125 -> 0.25 | DM2: =DE2+0.125 -> 0.25 | DN2: =DF2+0.125 -> 0.25 | DO2: =DG2+0.125 -> 0.25 | DP2: =DH2+0.125 -> 0.25 | ... FD2: =EV2+0.125 -> 0.875
C3: Engine | D3: Testbench | E3: Total_Power(W) | F3: Dynamic_Power(W) | G3: Static_Power(W) | H3: SA_Power(W) | I3: LUT_SA | J3: FF_SA | K3: BRAM_TOP | L3: LUT_TOP | M3: FF_TOP | N3: Accuracy(%) | O3: Fidelity(%) | P3: Accuracy(%) | Q3: Fidelity(%) | R3: Accuracy(%) | S3: Fidelity(%) | T3: =MAX(T4:T273) -> 8255.9961 | U3: WNS | V3: WHS | W3: WPWS | X3: tb_nzzr | Y3: tb_swnz | Z3: tb_swzr | AA3: tb_zrnz | AB3: tb_zrzr | AC3: Fidelity/HW | AE3: Input | AF3: 0 | AG3: 0.125 | AH3: 0.25 | AI3: 0.375 | AJ3: 0.5 | AK3: 0.625 | AL3: 0.75 | AM3: 0.875 | AN3: =AF3 -> 0 | AO3: =AG3 -> 0.125 | AP3: =AH3 -> 0.25 | AQ3: =AI3 -> 0.375 | AR3: =AJ3 -> 0.5 | AS3: =AK3 -> 0.625 | AT3: =AL3 -> 0.75 | AU3: =AM3 -> 0.875 | ... CQ3: =CI3 -> 0.875 | CR3: Input | CS3: 0 | CT3: 0.125 | CU3: 0.25 | CV3: 0.375 | CW3: 0.5 | CX3: 0.625 | CY3: 0.75 | CZ3: 0.875 | DA3: =CS3 -> 0 | DB3: =CT3 -> 0.125 | DC3: =CU3 -> 0.25 | DD3: =CV3 -> 0.375 | DE3: =CW3 -> 0.5 | DF3: =CX3 -> 0.625 | DG3: =CY3 -> 0.75 | DH3: =CZ3 -> 0.875 | ... FD3: =EV3 -> 0.875
C4: M1no1 | D4: tb_nznz | E4: 0.263 | F4: 0.155 | G4: 0.108 | H4: 0.038 | I4: 3648 | J4: 3453 | K4: 48 | L4: 4447 | M4: 5389 | N4: 67 | O4: 71 | P4: 65.5 | Q4: 66 | R4: 48 | S4: 73.5 | T4: 0 | U4: 2.051 | V4: 0.079 | W4: 4.02 | X4: =H5 -> 0.021 | Y4: =H6 -> 0.048 | Z4: =H7 -> 0.027 | AA4: =H8 -> 0.016 | AB4: =H9 -> 0.027 | AC4: =1000000*((O4*Q4*S4)^(1/3))/(I4+0.5*J4+240*K4) -> 4149.0742 | AE4: NZ rate | AF4: 1 | AG4: 0.815 | AH4: 0.645 | AI4: 0.395 | AJ4: 0.36 | AK4: 0.245 | AL4: 0.145 | AM4: 0.065 | AN4: 1 | AO4: 0.815 | AP4: 0.645 | AQ4: 0.395 | AR4: 0.36 | AS4: 0.245 | AT4: 0.145 | AU4: 0.065 | AV4: 1 | AW4: 0.815 | AX4: 0.645 | AY4: 0.395 | AZ4: 0.36 | BA4: 0.245 | BB4: 0.145 | BC4: 0.065 | BD4: 1 | BE4: 0.815 | BF4: 0.645 | BG4: 0.395 | BH4: 0.36 | BI4: 0.245 | BJ4: 0.145 | BK4: 0.065 | BL4: 1 | BM4: 0.815 | BN4: 0.645 | BO4: 0.395 | BP4: 0.36 | BQ4: 0.245 | BR4: 0.145 | BS4: 0.065 | BT4: 1 | BU4: 0.815 | BV4: 0.645 | BW4: 0.395 | BX4: 0.36 | BY4: 0.245 | BZ4: 0.145 | CA4: 0.065 | CB4: 1 | CC4: 0.815 | CD4: 0.645 | CE4: 0.395 | CF4: 0.36 | CG4: 0.245 | CH4: 0.145 | CI4: 0.065 | CJ4: 1 | CK4: 0.815 | CL4: 0.645 | CM4: 0.395 | CN4: 0.36 | CO4: 0.245 | CP4: 0.145 | CQ4: 0.065
C5: M1no1 | D5: tb_nzzr | E5: 0.239 | F5: 0.131 | G5: 0.107 | H5: 0.021 | I5: 3648 | J5: 3453 | K5: 48 | L5: 4447 | M5: 5389 | N5: 67 | O5: 71 | P5: 65.5 | Q5: 66 | R5: 48 | S5: 73.5 | T5: 0 | U5: 2.051 | V5: 0.079 | W5: 4.02 | X5: =H5 -> 0.021 | Y5: =H6 -> 0.048 | Z5: =H7 -> 0.027 | AA5: =H8 -> 0.016 | AB5: =H9 -> 0.027 | AC5: =1000000*(O5*Q5*S5)^(1/3)/(I5+0.5*J5+240*K5) -> 4149.0742
C6: M1no1 | D6: tb_swnz | E6: 0.273 | F6: 0.165 | G6: 0.108 | H6: 0.048 | I6: 3648 | J6: 3453 | K6: 48 | L6: 4447 | M6: 5389 | N6: 67 | O6: 71 | P6: 65.5 | Q6: 66 | R6: 48 | S6: 73.5 | T6: 0 | U6: 2.051 | V6: 0.079 | W6: 4.02 | X6: =H5 -> 0.021 | Y6: =H6 -> 0.048 | Z6: =H7 -> 0.027 | AA6: =H8 -> 0.016 | AB6: =H9 -> 0.027 | AC6: =1000000*(O6*Q6*S6)^(1/3)/(I6+0.5*J6+240*K6) -> 4149.0742 | AE6: SW rate | AF6: 0 | AG6: 0.12 | AH6: 0.21 | AI6: 0.26 | AJ6: 0.28 | AK6: 0.26 | AL6: 0.21 | AM6: 0.12 | AN6: 0 | AO6: 0.12 | AP6: 0.21 | AQ6: 0.26 | AR6: 0.28 | AS6: 0.26 | AT6: 0.21 | AU6: 0.12 | AV6: 0 | AW6: 0.12 | AX6: 0.21 | AY6: 0.26 | AZ6: 0.28 | BA6: 0.26 | BB6: 0.21 | BC6: 0.12 | BD6: 0 | BE6: 0.12 | BF6: 0.21 | BG6: 0.26 | BH6: 0.28 | BI6: 0.26 | BJ6: 0.21 | BK6: 0.12 | BL6: 0 | BM6: 0.12 | BN6: 0.21 | BO6: 0.26 | BP6: 0.28 | BQ6: 0.26 | BR6: 0.21 | BS6: 0.12 | BT6: 0 | BU6: 0.12 | BV6: 0.21 | BW6: 0.26 | BX6: 0.28 | BY6: 0.26 | BZ6: 0.21 | CA6: 0.12 | CB6: 0 | CC6: 0.12 | CD6: 0.21 | CE6: 0.26 | CF6: 0.28 | CG6: 0.26 | CH6: 0.21 | CI6: 0.12 | CJ6: 0 | CK6: 0.12 | CL6: 0.21 | CM6: 0.26 | CN6: 0.28 | CO6: 0.26 | CP6: 0.21 | CQ6: 0.12
C7: M1no1 | D7: tb_swzr | E7: 0.245 | F7: 0.138 | G7: 0.107 | H7: 0.027 | I7: 3648 | J7: 3453 | K7: 48 | L7: 4447 | M7: 5389 | N7: 67 | O7: 71 | P7: 65.5 | Q7: 66 | R7: 48 | S7: 73.5 | T7: 0 | U7: 2.051 | V7: 0.079 | W7: 4.02 | X7: =H5 -> 0.021 | Y7: =H6 -> 0.048 | Z7: =H7 -> 0.027 | AA7: =H8 -> 0.016 | AB7: =H9 -> 0.027 | AC7: =1000000*(O7*Q7*S7)^(1/3)/(I7+0.5*J7+240*K7) -> 4149.0742
C8: M1no1 | D8: tb_zrnz | E8: 0.233 | F8: 0.126 | G8: 0.107 | H8: 0.016 | I8: 3648 | J8: 3453 | K8: 48 | L8: 4447 | M8: 5389 | N8: 67 | O8: 71 | P8: 65.5 | Q8: 66 | R8: 48 | S8: 73.5 | T8: 0 | U8: 2.051 | V8: 0.079 | W8: 4.02 | X8: =H5 -> 0.021 | Y8: =H6 -> 0.048 | Z8: =H7 -> 0.027 | AA8: =H8 -> 0.016 | AB8: =H9 -> 0.027 | AC8: =1000000*(O8*Q8*S8)^(1/3)/(I8+0.5*J8+240*K8) -> 4149.0742 | AE8: ZR rate | AF8: 0 | AG8: 0.065 | AH8: 0.145 | AI8: 0.245 | AJ8: 0.36 | AK8: 0.395 | AL8: 0.645 | AM8: 0.815 | AN8: 0 | AO8: 0.065 | AP8: 0.145 | AQ8: 0.245 | AR8: 0.36 | AS8: 0.395 | AT8: 0.645 | AU8: 0.815 | AV8: 0 | AW8: 0.065 | AX8: 0.145 | AY8: 0.245 | AZ8: 0.36 | BA8: 0.395 | BB8: 0.645 | BC8: 0.815 | BD8: 0 | BE8: 0.065 | BF8: 0.145 | BG8: 0.245 | BH8: 0.36 | BI8: 0.395 | BJ8: 0.645 | BK8: 0.815 | BL8: 0 | BM8: 0.065 | BN8: 0.145 | BO8: 0.245 | BP8: 0.36 | BQ8: 0.395 | BR8: 0.645 | BS8: 0.815 | BT8: 0 | BU8: 0.065 | BV8: 0.145 | BW8: 0.245 | BX8: 0.36 | BY8: 0.395 | BZ8: 0.645 | CA8: 0.815 | CB8: 0 | CC8: 0.065 | CD8: 0.145 | CE8: 0.245 | CF8: 0.36 | CG8: 0.395 | CH8: 0.645 | CI8: 0.815 | CJ8: 0 | CK8: 0.065 | CL8: 0.145 | CM8: 0.245 | CN8: 0.36 | CO8: 0.395 | CP8: 0.645 | CQ8: 0.815 | CR8: 전력 소모량
C9: M1no1 | D9: tb_zrzr | E9: 0.245 | F9: 0.138 | G9: 0.107 | H9: 0.027 | I9: 3648 | J9: 3453 | K9: 48 | L9: 4447 | M9: 5389 | N9: 67 | O9: 71 | P9: 65.5 | Q9: 66 | R9: 48 | S9: 73.5 | T9: =(N4*O4*P4*Q4*R4*S4)/(I4*J4*K4*(F4*H4 + F5*H5 + F6*H6 + F7*H7 + F8*H8 + F9*H9)) -> 4609.9566 | U9: 2.051 | V9: 0.079 | W9: 4.02 | X9: =H5 -> 0.021 | Y9: =H6 -> 0.048 | Z9: =H7 -> 0.027 | AA9: =H8 -> 0.016 | AB9: =H9 -> 0.027 | AC9: =1000000*(O9*Q9*S9)^(1/3)/(I9+0.5*J9+240*K9) -> 4149.0742 | AE9: Score | AF9: =($O9*$Q9*$S9)^(1/3)/(AF4*((1-AF$2)*$H4+AF$2*$H5) + AF6*((1-AF$2)*$H6+AF$2*$H7) + AF8*((1-AF$2)*$H8+AF$2*$H9)) -> 1844.6456 | AG9: =($O9*$Q9*$S9)^(1/3)/(AG4*((1-AG$2)*$H4+AG$2*$H5) + AG6*((1-AG$2)*$H6+AG$2*$H7) + AG8*((1-AG$2)*$H8+AG$2*$H9)) -> 1855.8786 | AH9: =($O9*$Q9*$S9)^(1/3)/(AH4*((1-AH$2)*$H4+AH$2*$H5) + AH6*((1-AH$2)*$H6+AH$2*$H7) + AH8*((1-AH$2)*$H8+AH$2*$H9)) -> 1899.1204 | AI9: =($O9*$Q9*$S9)^(1/3)/(AI4*((1-AI$2)*$H4+AI$2*$H5) + AI6*((1-AI$2)*$H6+AI$2*$H7) + AI8*((1-AI$2)*$H8+AI$2*$H9)) -> 2231.663 | AJ9: =($O9*$Q9*$S9)^(1/3)/(AJ4*((1-AJ$2)*$H4+AJ$2*$H5) + AJ6*((1-AJ$2)*$H6+AJ$2*$H7) + AJ8*((1-AJ$2)*$H8+AJ$2*$H9)) -> 2131.8897 | AK9: =($O9*$Q9*$S9)^(1/3)/(AK4*((1-AK$2)*$H4+AK$2*$H5) + AK6*((1-AK$2)*$H6+AK$2*$H7) + AK8*((1-AK$2)*$H8+AK$2*$H9)) -> 2493.6511 | AL9: =($O9*$Q9*$S9)^(1/3)/(AL4*((1-AL$2)*$H4+AL$2*$H5) + AL6*((1-AL$2)*$H6+AL$2*$H7) + AL8*((1-AL$2)*$H8+AL$2*$H9)) -> 2705.3853 | AM9: =($O9*$Q9*$S9)^(1/3)/(AM4*((1-AM$2)*$H4+AM$2*$H5) + AM6*((1-AM$2)*$H6+AM$2*$H7) + AM8*((1-AM$2)*$H8+AM$2*$H9)) -> 3295.5587 | ... CQ9: =($O9*$Q9*$S9)^(1/3)/(CQ4*((1-CQ$2)*$H4+CQ$2*$H5) + CQ6*((1-CQ$2)*$H6+CQ$2*$H7) + CQ8*((1-CQ$2)*$H8+CQ$2*$H9)) -> 2701.9961 | CR9: 전력 소모율 | CS9: =100*$AF9/AF9 -> 100 | CT9: =100*$AF9/AG9 -> 99.394737 | CU9: =100*$AF9/AH9 -> 97.131579 | CV9: =100*$AF9/AI9 -> 82.657895 | CW9: =100*$AF9/AJ9 -> 86.526316 | CX9: =100*$AF9/AK9 -> 73.973684 | CY9: =100*$AF9/AL9 -> 68.184211 | CZ9: =100*$AF9/AM9 -> 55.973684 | ... FD9: =100*$AF9/CQ9 -> 68.269737
C10: M1no2 | D10: tb_nznz | E10: 0.264 | F10: 0.156 | G10: 0.108 | H10: 0.039 | I10: 3778 | J10: 3517 | K10: 48 | L10: 4568 | M10: 5453 | N10: 67 | O10: 71 | P10: 65.5 | Q10: 66 | R10: 48 | S10: 73.5 | T10: 0 | U10: 2.009 | V10: 0.057 | W10: 4.02 | X10: =H11 -> 0.017 | Y10: =H12 -> 0.048 | Z10: =H13 -> 0.018 | AA10: =H14 -> 0.018 | AB10: =H15 -> 0.018 | AC10: =1000000*(O10*Q10*S10)^(1/3)/(I10+0.5*J10+240*K10) -> 4109.6669 | AE10: NZ rate | AF10: 1 | AG10: 0.815 | AH10: 0.645 | AI10: 0.395 | AJ10: 0.36 | AK10: 0.245 | AL10: 0.145 | AM10: 0.065 | AN10: 1 | AO10: 0.815 | AP10: 0.645 | AQ10: 0.395 | AR10: 0.36 | AS10: 0.245 | AT10: 0.145 | AU10: 0.065 | AV10: 1 | AW10: 0.815 | AX10: 0.645 | AY10: 0.395 | AZ10: 0.36 | BA10: 0.245 | BB10: 0.145 | BC10: 0.065 | BD10: 1 | BE10: 0.815 | BF10: 0.645 | BG10: 0.395 | BH10: 0.36 | BI10: 0.245 | BJ10: 0.145 | BK10: 0.065 | BL10: 1 | BM10: 0.815 | BN10: 0.645 | BO10: 0.395 | BP10: 0.36 | BQ10: 0.245 | BR10: 0.145 | BS10: 0.065 | BT10: 1 | BU10: 0.815 | BV10: 0.645 | BW10: 0.395 | BX10: 0.36 | BY10: 0.245 | BZ10: 0.145 | CA10: 0.065 | CB10: 1 | CC10: 0.815 | CD10: 0.645 | CE10: 0.395 | CF10: 0.36 | CG10: 0.245 | CH10: 0.145 | CI10: 0.065 | CJ10: 1 | CK10: 0.815 | CL10: 0.645 | CM10: 0.395 | CN10: 0.36 | CO10: 0.245 | CP10: 0.145 | CQ10: 0.065
C11: M1no2 | D11: tb_nzzr | E11: 0.235 | F11: 0.128 | G11: 0.107 | H11: 0.017 | I11: 3778 | J11: 3517 | K11: 48 | L11: 4568 | M11: 5453 | N11: 67 | O11: 71 | P11: 65.5 | Q11: 66 | R11: 48 | S11: 73.5 | T11: 0 | U11: 2.009 | V11: 0.057 | W11: 4.02 | X11: =H11 -> 0.017 | Y11: =H12 -> 0.048 | Z11: =H13 -> 0.018 | AA11: =H14 -> 0.018 | AB11: =H15 -> 0.018 | AC11: =1000000*(O11*Q11*S11)^(1/3)/(I11+0.5*J11+240*K11) -> 4109.6669
C12: M1no2 | D12: tb_swnz | E12: 0.273 | F12: 0.166 | G12: 0.108 | H12: 0.048 | I12: 3778 | J12: 3517 | K12: 48 | L12: 4568 | M12: 5453 | N12: 67 | O12: 71 | P12: 65.5 | Q12: 66 | R12: 48 | S12: 73.5 | T12: 0 | U12: 2.009 | V12: 0.057 | W12: 4.02 | X12: =H11 -> 0.017 | Y12: =H12 -> 0.048 | Z12: =H13 -> 0.018 | AA12: =H14 -> 0.018 | AB12: =H15 -> 0.018 | AC12: =1000000*(O12*Q12*S12)^(1/3)/(I12+0.5*J12+240*K12) -> 4109.6669 | AE12: SW rate | AF12: 0 | AG12: 0.12 | AH12: 0.21 | AI12: 0.26 | AJ12: 0.28 | AK12: 0.26 | AL12: 0.21 | AM12: 0.12 | AN12: 0 | AO12: 0.12 | AP12: 0.21 | AQ12: 0.26 | AR12: 0.28 | AS12: 0.26 | AT12: 0.21 | AU12: 0.12 | AV12: 0 | AW12: 0.12 | AX12: 0.21 | AY12: 0.26 | AZ12: 0.28 | BA12: 0.26 | BB12: 0.21 | BC12: 0.12 | BD12: 0 | BE12: 0.12 | BF12: 0.21 | BG12: 0.26 | BH12: 0.28 | BI12: 0.26 | BJ12: 0.21 | BK12: 0.12 | BL12: 0 | BM12: 0.12 | BN12: 0.21 | BO12: 0.26 | BP12: 0.28 | BQ12: 0.26 | BR12: 0.21 | BS12: 0.12 | BT12: 0 | BU12: 0.12 | BV12: 0.21 | BW12: 0.26 | BX12: 0.28 | BY12: 0.26 | BZ12: 0.21 | CA12: 0.12 | CB12: 0 | CC12: 0.12 | CD12: 0.21 | CE12: 0.26 | CF12: 0.28 | CG12: 0.26 | CH12: 0.21 | CI12: 0.12 | CJ12: 0 | CK12: 0.12 | CL12: 0.21 | CM12: 0.26 | CN12: 0.28 | CO12: 0.26 | CP12: 0.21 | CQ12: 0.12
C13: M1no2 | D13: tb_swzr | E13: 0.236 | F13: 0.129 | G13: 0.107 | H13: 0.018 | I13: 3778 | J13: 3517 | K13: 48 | L13: 4568 | M13: 5453 | N13: 67 | O13: 71 | P13: 65.5 | Q13: 66 | R13: 48 | S13: 73.5 | T13: 0 | U13: 2.009 | V13: 0.057 | W13: 4.02 | X13: =H11 -> 0.017 | Y13: =H12 -> 0.048 | Z13: =H13 -> 0.018 | AA13: =H14 -> 0.018 | AB13: =H15 -> 0.018 | AC13: =1000000*(O13*Q13*S13)^(1/3)/(I13+0.5*J13+240*K13) -> 4109.6669
C14: M1no2 | D14: tb_zrnz | E14: 0.236 | F14: 0.129 | G14: 0.107 | H14: 0.018 | I14: 3778 | J14: 3517 | K14: 48 | L14: 4568 | M14: 5453 | N14: 67 | O14: 71 | P14: 65.5 | Q14: 66 | R14: 48 | S14: 73.5 | T14: 0 | U14: 2.009 | V14: 0.057 | W14: 4.02 | X14: =H11 -> 0.017 | Y14: =H12 -> 0.048 | Z14: =H13 -> 0.018 | AA14: =H14 -> 0.018 | AB14: =H15 -> 0.018 | AC14: =1000000*(O14*Q14*S14)^(1/3)/(I14+0.5*J14+240*K14) -> 4109.6669 | AE14: ZR rate | AF14: 0 | AG14: 0.065 | AH14: 0.145 | AI14: 0.245 | AJ14: 0.36 | AK14: 0.395 | AL14: 0.645 | AM14: 0.815 | AN14: 0 | AO14: 0.065 | AP14: 0.145 | AQ14: 0.245 | AR14: 0.36 | AS14: 0.395 | AT14: 0.645 | AU14: 0.815 | AV14: 0 | AW14: 0.065 | AX14: 0.145 | AY14: 0.245 | AZ14: 0.36 | BA14: 0.395 | BB14: 0.645 | BC14: 0.815 | BD14: 0 | BE14: 0.065 | BF14: 0.145 | BG14: 0.245 | BH14: 0.36 | BI14: 0.395 | BJ14: 0.645 | BK14: 0.815 | BL14: 0 | BM14: 0.065 | BN14: 0.145 | BO14: 0.245 | BP14: 0.36 | BQ14: 0.395 | BR14: 0.645 | BS14: 0.815 | BT14: 0 | BU14: 0.065 | BV14: 0.145 | BW14: 0.245 | BX14: 0.36 | BY14: 0.395 | BZ14: 0.645 | CA14: 0.815 | CB14: 0 | CC14: 0.065 | CD14: 0.145 | CE14: 0.245 | CF14: 0.36 | CG14: 0.395 | CH14: 0.645 | CI14: 0.815 | CJ14: 0 | CK14: 0.065 | CL14: 0.145 | CM14: 0.245 | CN14: 0.36 | CO14: 0.395 | CP14: 0.645 | CQ14: 0.815
C15: M1no2 | D15: tb_zrzr | E15: 0.236 | F15: 0.129 | G15: 0.107 | H15: 0.018 | I15: 3778 | J15: 3517 | K15: 48 | L15: 4568 | M15: 5453 | N15: 67 | O15: 71 | P15: 65.5 | Q15: 66 | R15: 48 | S15: 73.5 | T15: =(N10*O10*P10*Q10*R10*S10)/(I10*J10*K10*(F10*H10 + F11*H11 + F12*H12 + F13*H13 + F14*H14 + F15*H15)) -> 4904.5114 | U15: 2.009 | V15: 0.057 | W15: 4.02 | X15: =H11 -> 0.017 | Y15: =H12 -> 0.048 | Z15: =H13 -> 0.018 | AA15: =H14 -> 0.018 | AB15: =H15 -> 0.018 | AC15: =1000000*(O15*Q15*S15)^(1/3)/(I15+0.5*J15+240*K15) -> 4109.6669 | AE15: Score | AF15: =($O15*$Q15*$S15)^(1/3)/(AF10*((1-AF$2)*$H10+AF$2*$H11) + AF12*((1-AF$2)*$H12+AF$2*$H13) + AF14*((1-AF$2)*$H14+AF$2*$H15)) -> 1797.347 | AG15: =($O15*$Q15*$S15)^(1/3)/(AG10*((1-AG$2)*$H10+AG$2*$H11) + AG12*((1-AG$2)*$H12+AG$2*$H13) + AG14*((1-AG$2)*$H14+AG$2*$H15)) -> 1810.5782 | AH15: =($O15*$Q15*$S15)^(1/3)/(AH10*((1-AH$2)*$H10+AH$2*$H11) + AH12*((1-AH$2)*$H12+AH$2*$H13) + AH14*((1-AH$2)*$H14+AH$2*$H15)) -> 1852.2006 | AI15: =($O15*$Q15*$S15)^(1/3)/(AI10*((1-AI$2)*$H10+AI$2*$H11) + AI12*((1-AI$2)*$H12+AI$2*$H13) + AI14*((1-AI$2)*$H14+AI$2*$H15)) -> 2170.5073 | AJ15: =($O15*$Q15*$S15)^(1/3)/(AJ10*((1-AJ$2)*$H10+AJ$2*$H11) + AJ12*((1-AJ$2)*$H12+AJ$2*$H13) + AJ14*((1-AJ$2)*$H14+AJ$2*$H15)) -> 2064.0911 | AK15: =($O15*$Q15*$S15)^(1/3)/(AK10*((1-AK$2)*$H10+AK$2*$H11) + AK12*((1-AK$2)*$H12+AK$2*$H13) + AK14*((1-AK$2)*$H14+AK$2*$H15)) -> 2405.0964 | AL15: =($O15*$Q15*$S15)^(1/3)/(AL10*((1-AL$2)*$H10+AL$2*$H11) + AL12*((1-AL$2)*$H12+AL$2*$H13) + AL14*((1-AL$2)*$H14+AL$2*$H15)) -> 2563.4132 | AM15: =($O15*$Q15*$S15)^(1/3)/(AM10*((1-AM$2)*$H10+AM$2*$H11) + AM12*((1-AM$2)*$H12+AM$2*$H13) + AM14*((1-AM$2)*$H14+AM$2*$H15)) -> 3052.3202 | ... CQ15: =($O15*$Q15*$S15)^(1/3)/(CQ10*((1-CQ$2)*$H10+CQ$2*$H11) + CQ12*((1-CQ$2)*$H12+CQ$2*$H13) + CQ14*((1-CQ$2)*$H14+CQ$2*$H15)) -> 3775.99 | CS15: =100*$AF15/AF15 -> 100 | CT15: =100*$AF15/AG15 -> 99.269231 | CU15: =100*$AF15/AH15 -> 97.038462 | CV15: =100*$AF15/AI15 -> 82.807692 | CW15: =100*$AF15/AJ15 -> 87.076923 | CX15: =100*$AF15/AK15 -> 74.730769 | CY15: =100*$AF15/AL15 -> 70.115385 | CZ15: =100*$AF15/AM15 -> 58.884615 | ... FD15: =100*$AF15/CQ15 -> 47.599359
C16: M1no3 | D16: tb_nznz | E16: 0.265 | F16: 0.157 | G16: 0.108 | H16: 0.04 | I16: 3839 | J16: 3637 | K16: 48 | L16: 4637 | M16: 5573 | N16: 67 | O16: 71 | P16: 65.5 | Q16: 66 | R16: 48 | S16: 73.5 | T16: 0 | U16: 2.075 | V16: 0.059 | W16: 4.02 | X16: =H17 -> 0.018 | Y16: =H18 -> 0.048 | Z16: =H19 -> 0.019 | AA16: =H20 -> 0.019 | AB16: =H21 -> 0.019 | AC16: =1000000*(O16*Q16*S16)^(1/3)/(I16+0.5*J16+240*K16) -> 4080.718 | AE16: NZ rate | AF16: 1 | AG16: 0.815 | AH16: 0.645 | AI16: 0.395 | AJ16: 0.36 | AK16: 0.245 | AL16: 0.145 | AM16: 0.065 | AN16: 1 | AO16: 0.815 | AP16: 0.645 | AQ16: 0.395 | AR16: 0.36 | AS16: 0.245 | AT16: 0.145 | AU16: 0.065 | AV16: 1 | AW16: 0.815 | AX16: 0.645 | AY16: 0.395 | AZ16: 0.36 | BA16: 0.245 | BB16: 0.145 | BC16: 0.065 | BD16: 1 | BE16: 0.815 | BF16: 0.645 | BG16: 0.395 | BH16: 0.36 | BI16: 0.245 | BJ16: 0.145 | BK16: 0.065 | BL16: 1 | BM16: 0.815 | BN16: 0.645 | BO16: 0.395 | BP16: 0.36 | BQ16: 0.245 | BR16: 0.145 | BS16: 0.065 | BT16: 1 | BU16: 0.815 | BV16: 0.645 | BW16: 0.395 | BX16: 0.36 | BY16: 0.245 | BZ16: 0.145 | CA16: 0.065 | CB16: 1 | CC16: 0.815 | CD16: 0.645 | CE16: 0.395 | CF16: 0.36 | CG16: 0.245 | CH16: 0.145 | CI16: 0.065 | CJ16: 1 | CK16: 0.815 | CL16: 0.645 | CM16: 0.395 | CN16: 0.36 | CO16: 0.245 | CP16: 0.145 | CQ16: 0.065
C17: M1no3 | D17: tb_nzzr | E17: 0.235 | F17: 0.128 | G17: 0.107 | H17: 0.018 | I17: 3839 | J17: 3637 | K17: 48 | L17: 4637 | M17: 5573 | N17: 67 | O17: 71 | P17: 65.5 | Q17: 66 | R17: 48 | S17: 73.5 | T17: 0 | U17: 2.075 | V17: 0.059 | W17: 4.02 | X17: =H17 -> 0.018 | Y17: =H18 -> 0.048 | Z17: =H19 -> 0.019 | AA17: =H20 -> 0.019 | AB17: =H21 -> 0.019 | AC17: =1000000*(O17*Q17*S17)^(1/3)/(I17+0.5*J17+240*K17) -> 4080.718
C18: M1no3 | D18: tb_swnz | E18: 0.274 | F18: 0.166 | G18: 0.108 | H18: 0.048 | I18: 3839 | J18: 3637 | K18: 48 | L18: 4637 | M18: 5573 | N18: 67 | O18: 71 | P18: 65.5 | Q18: 66 | R18: 48 | S18: 73.5 | T18: 0 | U18: 2.075 | V18: 0.059 | W18: 4.02 | X18: =H17 -> 0.018 | Y18: =H18 -> 0.048 | Z18: =H19 -> 0.019 | AA18: =H20 -> 0.019 | AB18: =H21 -> 0.019 | AC18: =1000000*(O18*Q18*S18)^(1/3)/(I18+0.5*J18+240*K18) -> 4080.718 | AE18: SW rate | AF18: 0 | AG18: 0.12 | AH18: 0.21 | AI18: 0.26 | AJ18: 0.28 | AK18: 0.26 | AL18: 0.21 | AM18: 0.12 | AN18: 0 | AO18: 0.12 | AP18: 0.21 | AQ18: 0.26 | AR18: 0.28 | AS18: 0.26 | AT18: 0.21 | AU18: 0.12 | AV18: 0 | AW18: 0.12 | AX18: 0.21 | AY18: 0.26 | AZ18: 0.28 | BA18: 0.26 | BB18: 0.21 | BC18: 0.12 | BD18: 0 | BE18: 0.12 | BF18: 0.21 | BG18: 0.26 | BH18: 0.28 | BI18: 0.26 | BJ18: 0.21 | BK18: 0.12 | BL18: 0 | BM18: 0.12 | BN18: 0.21 | BO18: 0.26 | BP18: 0.28 | BQ18: 0.26 | BR18: 0.21 | BS18: 0.12 | BT18: 0 | BU18: 0.12 | BV18: 0.21 | BW18: 0.26 | BX18: 0.28 | BY18: 0.26 | BZ18: 0.21 | CA18: 0.12 | CB18: 0 | CC18: 0.12 | CD18: 0.21 | CE18: 0.26 | CF18: 0.28 | CG18: 0.26 | CH18: 0.21 | CI18: 0.12 | CJ18: 0 | CK18: 0.12 | CL18: 0.21 | CM18: 0.26 | CN18: 0.28 | CO18: 0.26 | CP18: 0.21 | CQ18: 0.12
C19: M1no3 | D19: tb_swzr | E19: 0.237 | F19: 0.129 | G19: 0.107 | H19: 0.019 | I19: 3839 | J19: 3637 | K19: 48 | L19: 4637 | M19: 5573 | N19: 67 | O19: 71 | P19: 65.5 | Q19: 66 | R19: 48 | S19: 73.5 | T19: 0 | U19: 2.075 | V19: 0.059 | W19: 4.02 | X19: =H17 -> 0.018 | Y19: =H18 -> 0.048 | Z19: =H19 -> 0.019 | AA19: =H20 -> 0.019 | AB19: =H21 -> 0.019 | AC19: =1000000*(O19*Q19*S19)^(1/3)/(I19+0.5*J19+240*K19) -> 4080.718
C20: M1no3 | D20: tb_zrnz | E20: 0.236 | F20: 0.129 | G20: 0.107 | H20: 0.019 | I20: 3839 | J20: 3637 | K20: 48 | L20: 4637 | M20: 5573 | N20: 67 | O20: 71 | P20: 65.5 | Q20: 66 | R20: 48 | S20: 73.5 | T20: 0 | U20: 2.075 | V20: 0.059 | W20: 4.02 | X20: =H17 -> 0.018 | Y20: =H18 -> 0.048 | Z20: =H19 -> 0.019 | AA20: =H20 -> 0.019 | AB20: =H21 -> 0.019 | AC20: =1000000*(O20*Q20*S20)^(1/3)/(I20+0.5*J20+240*K20) -> 4080.718 | AE20: ZR rate | AF20: 0 | AG20: 0.065 | AH20: 0.145 | AI20: 0.245 | AJ20: 0.36 | AK20: 0.395 | AL20: 0.645 | AM20: 0.815 | AN20: 0 | AO20: 0.065 | AP20: 0.145 | AQ20: 0.245 | AR20: 0.36 | AS20: 0.395 | AT20: 0.645 | AU20: 0.815 | AV20: 0 | AW20: 0.065 | AX20: 0.145 | AY20: 0.245 | AZ20: 0.36 | BA20: 0.395 | BB20: 0.645 | BC20: 0.815 | BD20: 0 | BE20: 0.065 | BF20: 0.145 | BG20: 0.245 | BH20: 0.36 | BI20: 0.395 | BJ20: 0.645 | BK20: 0.815 | BL20: 0 | BM20: 0.065 | BN20: 0.145 | BO20: 0.245 | BP20: 0.36 | BQ20: 0.395 | BR20: 0.645 | BS20: 0.815 | BT20: 0 | BU20: 0.065 | BV20: 0.145 | BW20: 0.245 | BX20: 0.36 | BY20: 0.395 | BZ20: 0.645 | CA20: 0.815 | CB20: 0 | CC20: 0.065 | CD20: 0.145 | CE20: 0.245 | CF20: 0.36 | CG20: 0.395 | CH20: 0.645 | CI20: 0.815 | CJ20: 0 | CK20: 0.065 | CL20: 0.145 | CM20: 0.245 | CN20: 0.36 | CO20: 0.395 | CP20: 0.645 | CQ20: 0.815
C21: M1no3 | D21: tb_zrzr | E21: 0.237 | F21: 0.129 | G21: 0.107 | H21: 0.019 | I21: 3839 | J21: 3637 | K21: 48 | L21: 4637 | M21: 5573 | N21: 67 | O21: 71 | P21: 65.5 | Q21: 66 | R21: 48 | S21: 73.5 | T21: =(N16*O16*P16*Q16*R16*S16)/(I16*J16*K16*(F16*H16 + F17*H17 + F18*H18 + F19*H19 + F20*H20 + F21*H21)) -> 4528.5124 | U21: 2.075 | V21: 0.059 | W21: 4.02 | X21: =H17 -> 0.018 | Y21: =H18 -> 0.048 | Z21: =H19 -> 0.019 | AA21: =H20 -> 0.019 | AB21: =H21 -> 0.019 | AC21: =1000000*(O21*Q21*S21)^(1/3)/(I21+0.5*J21+240*K21) -> 4080.718 | AE21: Score | AF21: =($O21*$Q21*$S21)^(1/3)/(AF16*((1-AF$2)*$H16+AF$2*$H17) + AF18*((1-AF$2)*$H18+AF$2*$H19) + AF20*((1-AF$2)*$H20+AF$2*$H21)) -> 1752.4133 | AG21: =($O21*$Q21*$S21)^(1/3)/(AG16*((1-AG$2)*$H16+AG$2*$H17) + AG18*((1-AG$2)*$H18+AG$2*$H19) + AG20*((1-AG$2)*$H20+AG$2*$H21)) -> 1770.338 | AH21: =($O21*$Q21*$S21)^(1/3)/(AH16*((1-AH$2)*$H16+AH$2*$H17) + AH18*((1-AH$2)*$H18+AH$2*$H19) + AH20*((1-AH$2)*$H20+AH$2*$H21)) -> 1814.3273 | AI21: =($O21*$Q21*$S21)^(1/3)/(AI16*((1-AI$2)*$H16+AI$2*$H17) + AI18*((1-AI$2)*$H18+AI$2*$H19) + AI20*((1-AI$2)*$H20+AI$2*$H21)) -> 2128.3295 | AJ21: =($O21*$Q21*$S21)^(1/3)/(AJ16*((1-AJ$2)*$H16+AJ$2*$H17) + AJ18*((1-AJ$2)*$H18+AJ$2*$H19) + AJ20*((1-AJ$2)*$H20+AJ$2*$H21)) -> 2021.238 | AK21: =($O21*$Q21*$S21)^(1/3)/(AK16*((1-AK$2)*$H16+AK$2*$H17) + AK18*((1-AK$2)*$H18+AK$2*$H19) + AK20*((1-AK$2)*$H20+AK$2*$H21)) -> 2353.4173 | AL21: =($O21*$Q21*$S21)^(1/3)/(AL16*((1-AL$2)*$H16+AL$2*$H17) + AL18*((1-AL$2)*$H18+AL$2*$H19) + AL20*((1-AL$2)*$H20+AL$2*$H21)) -> 2491.4353 | AM21: =($O21*$Q21*$S21)^(1/3)/(AM16*((1-AM$2)*$H16+AM$2*$H17) + AM18*((1-AM$2)*$H18+AM$2*$H19) + AM20*((1-AM$2)*$H20+AM$2*$H21)) -> 2939.6743 | ... CQ21: =($O21*$Q21*$S21)^(1/3)/(CQ16*((1-CQ$2)*$H16+CQ$2*$H17) + CQ18*((1-CQ$2)*$H18+CQ$2*$H19) + CQ20*((1-CQ$2)*$H20+CQ$2*$H21)) -> 3585.7297 | CS21: =100*$AF21/AF21 -> 100 | CT21: =100*$AF21/AG21 -> 98.9875 | CU21: =100*$AF21/AH21 -> 96.5875 | CV21: =100*$AF21/AI21 -> 82.3375 | CW21: =100*$AF21/AJ21 -> 86.7 | CX21: =100*$AF21/AK21 -> 74.4625 | CY21: =100*$AF21/AL21 -> 70.3375 | CZ21: =100*$AF21/AM21 -> 59.6125 | ... FD21: =100*$AF21/CQ21 -> 48.871875
C22: M1no4 | D22: tb_nznz | E22: 0.264 | F22: 0.156 | G22: 0.108 | H22: 0.039 | I22: 3777 | J22: 3517 | K22: 48 | L22: 4565 | M22: 5453 | N22: 67 | O22: 71 | P22: 65.5 | Q22: 66 | R22: 48 | S22: 73.5 | T22: 0 | U22: 1.906 | V22: 0.022 | W22: 4.02 | X22: =H23 -> 0.023 | Y22: =H24 -> 0.038 | Z22: =H25 -> 0.024 | AA22: =H26 -> 0.016 | AB22: =H27 -> 0.024 | AC22: =1000000*(O22*Q22*S22)^(1/3)/(I22+0.5*J22+240*K22) -> 4109.9079 | AE22: NZ rate | AF22: 1 | AG22: 0.815 | AH22: 0.645 | AI22: 0.395 | AJ22: 0.36 | AK22: 0.245 | AL22: 0.145 | AM22: 0.065 | AN22: 1 | AO22: 0.815 | AP22: 0.645 | AQ22: 0.395 | AR22: 0.36 | AS22: 0.245 | AT22: 0.145 | AU22: 0.065 | AV22: 1 | AW22: 0.815 | AX22: 0.645 | AY22: 0.395 | AZ22: 0.36 | BA22: 0.245 | BB22: 0.145 | BC22: 0.065 | BD22: 1 | BE22: 0.815 | BF22: 0.645 | BG22: 0.395 | BH22: 0.36 | BI22: 0.245 | BJ22: 0.145 | BK22: 0.065 | BL22: 1 | BM22: 0.815 | BN22: 0.645 | BO22: 0.395 | BP22: 0.36 | BQ22: 0.245 | BR22: 0.145 | BS22: 0.065 | BT22: 1 | BU22: 0.815 | BV22: 0.645 | BW22: 0.395 | BX22: 0.36 | BY22: 0.245 | BZ22: 0.145 | CA22: 0.065 | CB22: 1 | CC22: 0.815 | CD22: 0.645 | CE22: 0.395 | CF22: 0.36 | CG22: 0.245 | CH22: 0.145 | CI22: 0.065 | CJ22: 1 | CK22: 0.815 | CL22: 0.645 | CM22: 0.395 | CN22: 0.36 | CO22: 0.245 | CP22: 0.145 | CQ22: 0.065
C23: M1no4 | D23: tb_nzzr | E23: 0.241 | F23: 0.134 | G23: 0.107 | H23: 0.023 | I23: 3777 | J23: 3517 | K23: 48 | L23: 4565 | M23: 5453 | N23: 67 | O23: 71 | P23: 65.5 | Q23: 66 | R23: 48 | S23: 73.5 | T23: 0 | U23: 1.906 | V23: 0.022 | W23: 4.02 | X23: =H23 -> 0.023 | Y23: =H24 -> 0.038 | Z23: =H25 -> 0.024 | AA23: =H26 -> 0.016 | AB23: =H27 -> 0.024 | AC23: =1000000*(O23*Q23*S23)^(1/3)/(I23+0.5*J23+240*K23) -> 4109.9079
C24: M1no4 | D24: tb_swnz | E24: 0.263 | F24: 0.155 | G24: 0.108 | H24: 0.038 | I24: 3777 | J24: 3517 | K24: 48 | L24: 4565 | M24: 5453 | N24: 67 | O24: 71 | P24: 65.5 | Q24: 66 | R24: 48 | S24: 73.5 | T24: 0 | U24: 1.906 | V24: 0.022 | W24: 4.02 | X24: =H23 -> 0.023 | Y24: =H24 -> 0.038 | Z24: =H25 -> 0.024 | AA24: =H26 -> 0.016 | AB24: =H27 -> 0.024 | AC24: =1000000*(O24*Q24*S24)^(1/3)/(I24+0.5*J24+240*K24) -> 4109.9079 | AE24: SW rate | AF24: 0 | AG24: 0.12 | AH24: 0.21 | AI24: 0.26 | AJ24: 0.28 | AK24: 0.26 | AL24: 0.21 | AM24: 0.12 | AN24: 0 | AO24: 0.12 | AP24: 0.21 | AQ24: 0.26 | AR24: 0.28 | AS24: 0.26 | AT24: 0.21 | AU24: 0.12 | AV24: 0 | AW24: 0.12 | AX24: 0.21 | AY24: 0.26 | AZ24: 0.28 | BA24: 0.26 | BB24: 0.21 | BC24: 0.12 | BD24: 0 | BE24: 0.12 | BF24: 0.21 | BG24: 0.26 | BH24: 0.28 | BI24: 0.26 | BJ24: 0.21 | BK24: 0.12 | BL24: 0 | BM24: 0.12 | BN24: 0.21 | BO24: 0.26 | BP24: 0.28 | BQ24: 0.26 | BR24: 0.21 | BS24: 0.12 | BT24: 0 | BU24: 0.12 | BV24: 0.21 | BW24: 0.26 | BX24: 0.28 | BY24: 0.26 | BZ24: 0.21 | CA24: 0.12 | CB24: 0 | CC24: 0.12 | CD24: 0.21 | CE24: 0.26 | CF24: 0.28 | CG24: 0.26 | CH24: 0.21 | CI24: 0.12 | CJ24: 0 | CK24: 0.12 | CL24: 0.21 | CM24: 0.26 | CN24: 0.28 | CO24: 0.26 | CP24: 0.21 | CQ24: 0.12
C25: M1no4 | D25: tb_swzr | E25: 0.242 | F25: 0.135 | G25: 0.107 | H25: 0.024 | I25: 3777 | J25: 3517 | K25: 48 | L25: 4565 | M25: 5453 | N25: 67 | O25: 71 | P25: 65.5 | Q25: 66 | R25: 48 | S25: 73.5 | T25: 0 | U25: 1.906 | V25: 0.022 | W25: 4.02 | X25: =H23 -> 0.023 | Y25: =H24 -> 0.038 | Z25: =H25 -> 0.024 | AA25: =H26 -> 0.016 | AB25: =H27 -> 0.024 | AC25: =1000000*(O25*Q25*S25)^(1/3)/(I25+0.5*J25+240*K25) -> 4109.9079
C26: M1no4 | D26: tb_zrnz | E26: 0.233 | F26: 0.126 | G26: 0.107 | H26: 0.016 | I26: 3777 | J26: 3517 | K26: 48 | L26: 4565 | M26: 5453 | N26: 67 | O26: 71 | P26: 65.5 | Q26: 66 | R26: 48 | S26: 73.5 | T26: 0 | U26: 1.906 | V26: 0.022 | W26: 4.02 | X26: =H23 -> 0.023 | Y26: =H24 -> 0.038 | Z26: =H25 -> 0.024 | AA26: =H26 -> 0.016 | AB26: =H27 -> 0.024 | AC26: =1000000*(O26*Q26*S26)^(1/3)/(I26+0.5*J26+240*K26) -> 4109.9079 | AE26: ZR rate | AF26: 0 | AG26: 0.065 | AH26: 0.145 | AI26: 0.245 | AJ26: 0.36 | AK26: 0.395 | AL26: 0.645 | AM26: 0.815 | AN26: 0 | AO26: 0.065 | AP26: 0.145 | AQ26: 0.245 | AR26: 0.36 | AS26: 0.395 | AT26: 0.645 | AU26: 0.815 | AV26: 0 | AW26: 0.065 | AX26: 0.145 | AY26: 0.245 | AZ26: 0.36 | BA26: 0.395 | BB26: 0.645 | BC26: 0.815 | BD26: 0 | BE26: 0.065 | BF26: 0.145 | BG26: 0.245 | BH26: 0.36 | BI26: 0.395 | BJ26: 0.645 | BK26: 0.815 | BL26: 0 | BM26: 0.065 | BN26: 0.145 | BO26: 0.245 | BP26: 0.36 | BQ26: 0.395 | BR26: 0.645 | BS26: 0.815 | BT26: 0 | BU26: 0.065 | BV26: 0.145 | BW26: 0.245 | BX26: 0.36 | BY26: 0.395 | BZ26: 0.645 | CA26: 0.815 | CB26: 0 | CC26: 0.065 | CD26: 0.145 | CE26: 0.245 | CF26: 0.36 | CG26: 0.395 | CH26: 0.645 | CI26: 0.815 | CJ26: 0 | CK26: 0.065 | CL26: 0.145 | CM26: 0.245 | CN26: 0.36 | CO26: 0.395 | CP26: 0.645 | CQ26: 0.815
C27: M1no4 | D27: tb_zrzr | E27: 0.242 | F27: 0.135 | G27: 0.107 | H27: 0.024 | I27: 3777 | J27: 3517 | K27: 48 | L27: 4565 | M27: 5453 | N27: 67 | O27: 71 | P27: 65.5 | Q27: 66 | R27: 48 | S27: 73.5 | T27: =(N22*O22*P22*Q22*R22*S22)/(I22*J22*K22*(F22*H22 + F23*H23 + F24*H24 + F25*H25 + F26*H26 + F27*H27)) -> 4831.2396 | U27: 1.906 | V27: 0.022 | W27: 4.02 | X27: =H23 -> 0.023 | Y27: =H24 -> 0.038 | Z27: =H25 -> 0.024 | AA27: =H26 -> 0.016 | AB27: =H27 -> 0.024 | AC27: =1000000*(O27*Q27*S27)^(1/3)/(I27+0.5*J27+240*K27) -> 4109.9079 | AE27: Score | AF27: =($O27*$Q27*$S27)^(1/3)/(AF22*((1-AF$2)*$H22+AF$2*$H23) + AF24*((1-AF$2)*$H24+AF$2*$H25) + AF26*((1-AF$2)*$H26+AF$2*$H27)) -> 1797.347 | AG27: =($O27*$Q27*$S27)^(1/3)/(AG22*((1-AG$2)*$H22+AG$2*$H23) + AG24*((1-AG$2)*$H24+AG$2*$H25) + AG26*((1-AG$2)*$H26+AG$2*$H27)) -> 1874.9909 | AH27: =($O27*$Q27*$S27)^(1/3)/(AH22*((1-AH$2)*$H22+AH$2*$H23) + AH24*((1-AH$2)*$H24+AH$2*$H25) + AH26*((1-AH$2)*$H26+AH$2*$H27)) -> 1977.0564 | AI27: =($O27*$Q27*$S27)^(1/3)/(AI22*((1-AI$2)*$H22+AI$2*$H23) + AI24*((1-AI$2)*$H24+AI$2*$H25) + AI26*((1-AI$2)*$H26+AI$2*$H27)) -> 2400.1552 | AJ27: =($O27*$Q27*$S27)^(1/3)/(AJ22*((1-AJ$2)*$H22+AJ$2*$H23) + AJ24*((1-AJ$2)*$H24+AJ$2*$H25) + AJ26*((1-AJ$2)*$H26+AJ$2*$H27)) -> 2302.7771 | AK27: =($O27*$Q27*$S27)^(1/3)/(AK22*((1-AK$2)*$H22+AK$2*$H23) + AK24*((1-AK$2)*$H24+AK$2*$H25) + AK26*((1-AK$2)*$H26+AK$2*$H27)) -> 2721.667 | AL27: =($O27*$Q27*$S27)^(1/3)/(AL22*((1-AL$2)*$H22+AL$2*$H23) + AL24*((1-AL$2)*$H24+AL$2*$H25) + AL26*((1-AL$2)*$H26+AL$2*$H27)) -> 2926.1755 | AM27: =($O27*$Q27*$S27)^(1/3)/(AM22*((1-AM$2)*$H22+AM$2*$H23) + AM24*((1-AM$2)*$H24+AM$2*$H25) + AM26*((1-AM$2)*$H26+AM$2*$H27)) -> 3481.3277 | ... CQ27: =($O27*$Q27*$S27)^(1/3)/(CQ22*((1-CQ$2)*$H22+CQ$2*$H23) + CQ24*((1-CQ$2)*$H24+CQ$2*$H25) + CQ26*((1-CQ$2)*$H26+CQ$2*$H27)) -> 2987.917 | CS27: =100*$AF27/AF27 -> 100 | CT27: =100*$AF27/AG27 -> 95.858974 | CU27: =100*$AF27/AH27 -> 90.910256 | CV27: =100*$AF27/AI27 -> 74.884615 | CW27: =100*$AF27/AJ27 -> 78.051282 | CX27: =100*$AF27/AK27 -> 66.038462 | CY27: =100*$AF27/AL27 -> 61.423077 | CZ27: =100*$AF27/AM27 -> 51.628205 | ... FD27: =100*$AF27/CQ27 -> 60.153846
C28: M1no5 | D28: tb_nznz | E28: 0.261 | F28: 0.154 | G28: 0.108 | H28: 0.037 | I28: 3784 | J28: 3453 | K28: 48 | L28: 4564 | M28: 5389 | N28: 67 | O28: 71 | P28: 65.5 | Q28: 66 | R28: 48 | S28: 73.5 | T28: 0 | U28: 2.037 | V28: 0.07 | W28: 4.02 | X28: =H29 -> 0.016 | Y28: =H30 -> 0.036 | Z28: =H31 -> 0.017 | AA28: =H32 -> 0.015 | AB28: =H33 -> 0.017 | AC28: =1000000*(O28*Q28*S28)^(1/3)/(I28+0.5*J28+240*K28) -> 4115.941 | AE28: NZ rate | AF28: 1 | AG28: 0.815 | AH28: 0.645 | AI28: 0.395 | AJ28: 0.36 | AK28: 0.245 | AL28: 0.145 | AM28: 0.065 | AN28: 1 | AO28: 0.815 | AP28: 0.645 | AQ28: 0.395 | AR28: 0.36 | AS28: 0.245 | AT28: 0.145 | AU28: 0.065 | AV28: 1 | AW28: 0.815 | AX28: 0.645 | AY28: 0.395 | AZ28: 0.36 | BA28: 0.245 | BB28: 0.145 | BC28: 0.065 | BD28: 1 | BE28: 0.815 | BF28: 0.645 | BG28: 0.395 | BH28: 0.36 | BI28: 0.245 | BJ28: 0.145 | BK28: 0.065 | BL28: 1 | BM28: 0.815 | BN28: 0.645 | BO28: 0.395 | BP28: 0.36 | BQ28: 0.245 | BR28: 0.145 | BS28: 0.065 | BT28: 1 | BU28: 0.815 | BV28: 0.645 | BW28: 0.395 | BX28: 0.36 | BY28: 0.245 | BZ28: 0.145 | CA28: 0.065 | CB28: 1 | CC28: 0.815 | CD28: 0.645 | CE28: 0.395 | CF28: 0.36 | CG28: 0.245 | CH28: 0.145 | CI28: 0.065 | CJ28: 1 | CK28: 0.815 | CL28: 0.645 | CM28: 0.395 | CN28: 0.36 | CO28: 0.245 | CP28: 0.145 | CQ28: 0.065
C29: M1no5 | D29: tb_nzzr | E29: 0.232 | F29: 0.125 | G29: 0.107 | H29: 0.016 | I29: 3784 | J29: 3453 | K29: 48 | L29: 4564 | M29: 5389 | N29: 67 | O29: 71 | P29: 65.5 | Q29: 66 | R29: 48 | S29: 73.5 | T29: 0 | U29: 2.037 | V29: 0.07 | W29: 4.02 | X29: =H29 -> 0.016 | Y29: =H30 -> 0.036 | Z29: =H31 -> 0.017 | AA29: =H32 -> 0.015 | AB29: =H33 -> 0.017 | AC29: =1000000*(O29*Q29*S29)^(1/3)/(I29+0.5*J29+240*K29) -> 4115.941
C30: M1no5 | D30: tb_swnz | E30: 0.261 | F30: 0.153 | G30: 0.108 | H30: 0.036 | I30: 3784 | J30: 3453 | K30: 48 | L30: 4564 | M30: 5389 | N30: 67 | O30: 71 | P30: 65.5 | Q30: 66 | R30: 48 | S30: 73.5 | T30: 0 | U30: 2.037 | V30: 0.07 | W30: 4.02 | X30: =H29 -> 0.016 | Y30: =H30 -> 0.036 | Z30: =H31 -> 0.017 | AA30: =H32 -> 0.015 | AB30: =H33 -> 0.017 | AC30: =1000000*(O30*Q30*S30)^(1/3)/(I30+0.5*J30+240*K30) -> 4115.941 | AE30: SW rate | AF30: 0 | AG30: 0.12 | AH30: 0.21 | AI30: 0.26 | AJ30: 0.28 | AK30: 0.26 | AL30: 0.21 | AM30: 0.12 | AN30: 0 | AO30: 0.12 | AP30: 0.21 | AQ30: 0.26 | AR30: 0.28 | AS30: 0.26 | AT30: 0.21 | AU30: 0.12 | AV30: 0 | AW30: 0.12 | AX30: 0.21 | AY30: 0.26 | AZ30: 0.28 | BA30: 0.26 | BB30: 0.21 | BC30: 0.12 | BD30: 0 | BE30: 0.12 | BF30: 0.21 | BG30: 0.26 | BH30: 0.28 | BI30: 0.26 | BJ30: 0.21 | BK30: 0.12 | BL30: 0 | BM30: 0.12 | BN30: 0.21 | BO30: 0.26 | BP30: 0.28 | BQ30: 0.26 | BR30: 0.21 | BS30: 0.12 | BT30: 0 | BU30: 0.12 | BV30: 0.21 | BW30: 0.26 | BX30: 0.28 | BY30: 0.26 | BZ30: 0.21 | CA30: 0.12 | CB30: 0 | CC30: 0.12 | CD30: 0.21 | CE30: 0.26 | CF30: 0.28 | CG30: 0.26 | CH30: 0.21 | CI30: 0.12 | CJ30: 0 | CK30: 0.12 | CL30: 0.21 | CM30: 0.26 | CN30: 0.28 | CO30: 0.26 | CP30: 0.21 | CQ30: 0.12
C31: M1no5 | D31: tb_swzr | E31: 0.234 | F31: 0.127 | G31: 0.107 | H31: 0.017 | I31: 3784 | J31: 3453 | K31: 48 | L31: 4564 | M31: 5389 | N31: 67 | O31: 71 | P31: 65.5 | Q31: 66 | R31: 48 | S31: 73.5 | T31: 0 | U31: 2.037 | V31: 0.07 | W31: 4.02 | X31: =H29 -> 0.016 | Y31: =H30 -> 0.036 | Z31: =H31 -> 0.017 | AA31: =H32 -> 0.015 | AB31: =H33 -> 0.017 | AC31: =1000000*(O31*Q31*S31)^(1/3)/(I31+0.5*J31+240*K31) -> 4115.941
C32: M1no5 | D32: tb_zrnz | E32: 0.231 | F32: 0.124 | G32: 0.107 | H32: 0.015 | I32: 3784 | J32: 3453 | K32: 48 | L32: 4564 | M32: 5389 | N32: 67 | O32: 71 | P32: 65.5 | Q32: 66 | R32: 48 | S32: 73.5 | T32: 0 | U32: 2.037 | V32: 0.07 | W32: 4.02 | X32: =H29 -> 0.016 | Y32: =H30 -> 0.036 | Z32: =H31 -> 0.017 | AA32: =H32 -> 0.015 | AB32: =H33 -> 0.017 | AC32: =1000000*(O32*Q32*S32)^(1/3)/(I32+0.5*J32+240*K32) -> 4115.941 | AE32: ZR rate | AF32: 0 | AG32: 0.065 | AH32: 0.145 | AI32: 0.245 | AJ32: 0.36 | AK32: 0.395 | AL32: 0.645 | AM32: 0.815 | AN32: 0 | AO32: 0.065 | AP32: 0.145 | AQ32: 0.245 | AR32: 0.36 | AS32: 0.395 | AT32: 0.645 | AU32: 0.815 | AV32: 0 | AW32: 0.065 | AX32: 0.145 | AY32: 0.245 | AZ32: 0.36 | BA32: 0.395 | BB32: 0.645 | BC32: 0.815 | BD32: 0 | BE32: 0.065 | BF32: 0.145 | BG32: 0.245 | BH32: 0.36 | BI32: 0.395 | BJ32: 0.645 | BK32: 0.815 | BL32: 0 | BM32: 0.065 | BN32: 0.145 | BO32: 0.245 | BP32: 0.36 | BQ32: 0.395 | BR32: 0.645 | BS32: 0.815 | BT32: 0 | BU32: 0.065 | BV32: 0.145 | BW32: 0.245 | BX32: 0.36 | BY32: 0.395 | BZ32: 0.645 | CA32: 0.815 | CB32: 0 | CC32: 0.065 | CD32: 0.145 | CE32: 0.245 | CF32: 0.36 | CG32: 0.395 | CH32: 0.645 | CI32: 0.815 | CJ32: 0 | CK32: 0.065 | CL32: 0.145 | CM32: 0.245 | CN32: 0.36 | CO32: 0.395 | CP32: 0.645 | CQ32: 0.815
C33: M1no5 | D33: tb_zrzr | E33: 0.234 | F33: 0.127 | G33: 0.107 | H33: 0.017 | I33: 3784 | J33: 3453 | K33: 48 | L33: 4564 | M33: 5389 | N33: 67 | O33: 71 | P33: 65.5 | Q33: 66 | R33: 48 | S33: 73.5 | T33: =(N28*O28*P28*Q28*R28*S28)/(I28*J28*K28*(F28*H28 + F29*H29 + F30*H30 + F31*H31 + F32*H32 + F33*H33)) -> 5967.8049 | U33: 2.037 | V33: 0.07 | W33: 4.02 | X33: =H29 -> 0.016 | Y33: =H30 -> 0.036 | Z33: =H31 -> 0.017 | AA33: =H32 -> 0.015 | AB33: =H33 -> 0.017 | AC33: =1000000*(O33*Q33*S33)^(1/3)/(I33+0.5*J33+240*K33) -> 4115.941 | AE33: Score | AF33: =($O33*$Q33*$S33)^(1/3)/(AF28*((1-AF$2)*$H28+AF$2*$H29) + AF30*((1-AF$2)*$H30+AF$2*$H31) + AF32*((1-AF$2)*$H32+AF$2*$H33)) -> 1894.5009 | AG33: =($O33*$Q33*$S33)^(1/3)/(AG28*((1-AG$2)*$H28+AG$2*$H29) + AG30*((1-AG$2)*$H30+AG$2*$H31) + AG32*((1-AG$2)*$H32+AG$2*$H33)) -> 1977.3352 | AH33: =($O33*$Q33*$S33)^(1/3)/(AH28*((1-AH$2)*$H28+AH$2*$H29) + AH30*((1-AH$2)*$H30+AH$2*$H31) + AH32*((1-AH$2)*$H32+AH$2*$H33)) -> 2086.2064 | AI33: =($O33*$Q33*$S33)^(1/3)/(AI28*((1-AI$2)*$H28+AI$2*$H29) + AI30*((1-AI$2)*$H30+AI$2*$H31) + AI32*((1-AI$2)*$H32+AI$2*$H33)) -> 2535.1368 | AJ33: =($O33*$Q33*$S33)^(1/3)/(AJ28*((1-AJ$2)*$H28+AJ$2*$H29) + AJ30*((1-AJ$2)*$H30+AJ$2*$H31) + AJ32*((1-AJ$2)*$H32+AJ$2*$H33)) -> 2433.9074 | AK33: =($O33*$Q33*$S33)^(1/3)/(AK28*((1-AK$2)*$H28+AK$2*$H29) + AK30*((1-AK$2)*$H30+AK$2*$H31) + AK32*((1-AK$2)*$H32+AK$2*$H33)) -> 2878.7077 | AL33: =($O33*$Q33*$S33)^(1/3)/(AL28*((1-AL$2)*$H28+AL$2*$H29) + AL30*((1-AL$2)*$H30+AL$2*$H31) + AL32*((1-AL$2)*$H32+AL$2*$H33)) -> 3101.6165 | AM33: =($O33*$Q33*$S33)^(1/3)/(AM28*((1-AM$2)*$H28+AM$2*$H29) + AM30*((1-AM$2)*$H30+AM$2*$H31) + AM32*((1-AM$2)*$H32+AM$2*$H33)) -> 3699.0255 | ... CQ33: =($O33*$Q33*$S33)^(1/3)/(CQ28*((1-CQ$2)*$H28+CQ$2*$H29) + CQ30*((1-CQ$2)*$H30+CQ$2*$H31) + CQ32*((1-CQ$2)*$H32+CQ$2*$H33)) -> 4078.4921 | CS33: =100*$AF33/AF33 -> 100 | CT33: =100*$AF33/AG33 -> 95.810811 | CU33: =100*$AF33/AH33 -> 90.810811 | CV33: =100*$AF33/AI33 -> 74.72973 | CW33: =100*$AF33/AJ33 -> 77.837838 | CX33: =100*$AF33/AK33 -> 65.810811 | CY33: =100*$AF33/AL33 -> 61.081081 | CZ33: =100*$AF33/AM33 -> 51.216216 | ... FD33: =100*$AF33/CQ33 -> 46.451014
C34: M1no6 | D34: tb_nznz | E34: 0.261 | F34: 0.154 | G34: 0.108 | H34: 0.038 | I34: 3793 | J34: 3637 | K34: 48 | L34: 4579 | M34: 5573 | N34: 67 | O34: 71 | P34: 65.5 | Q34: 66 | R34: 48 | S34: 73.5 | T34: 0 | U34: 1.818 | V34: 0.068 | W34: 4.02 | X34: =H35 -> 0.016 | Y34: =H36 -> 0.037 | Z34: =H37 -> 0.017 | AA34: =H38 -> 0.015 | AB34: =H39 -> 0.017 | AC34: =1000000*(O34*Q34*S34)^(1/3)/(I34+0.5*J34+240*K34) -> 4091.6752 | AE34: NZ rate | AF34: 1 | AG34: 0.815 | AH34: 0.645 | AI34: 0.395 | AJ34: 0.36 | AK34: 0.245 | AL34: 0.145 | AM34: 0.065 | AN34: 1 | AO34: 0.815 | AP34: 0.645 | AQ34: 0.395 | AR34: 0.36 | AS34: 0.245 | AT34: 0.145 | AU34: 0.065 | AV34: 1 | AW34: 0.815 | AX34: 0.645 | AY34: 0.395 | AZ34: 0.36 | BA34: 0.245 | BB34: 0.145 | BC34: 0.065 | BD34: 1 | BE34: 0.815 | BF34: 0.645 | BG34: 0.395 | BH34: 0.36 | BI34: 0.245 | BJ34: 0.145 | BK34: 0.065 | BL34: 1 | BM34: 0.815 | BN34: 0.645 | BO34: 0.395 | BP34: 0.36 | BQ34: 0.245 | BR34: 0.145 | BS34: 0.065 | BT34: 1 | BU34: 0.815 | BV34: 0.645 | BW34: 0.395 | BX34: 0.36 | BY34: 0.245 | BZ34: 0.145 | CA34: 0.065 | CB34: 1 | CC34: 0.815 | CD34: 0.645 | CE34: 0.395 | CF34: 0.36 | CG34: 0.245 | CH34: 0.145 | CI34: 0.065 | CJ34: 1 | CK34: 0.815 | CL34: 0.645 | CM34: 0.395 | CN34: 0.36 | CO34: 0.245 | CP34: 0.145 | CQ34: 0.065
C35: M1no6 | D35: tb_nzzr | E35: 0.233 | F35: 0.126 | G35: 0.107 | H35: 0.016 | I35: 3793 | J35: 3637 | K35: 48 | L35: 4579 | M35: 5573 | N35: 67 | O35: 71 | P35: 65.5 | Q35: 66 | R35: 48 | S35: 73.5 | T35: 0 | U35: 1.818 | V35: 0.068 | W35: 4.02 | X35: =H35 -> 0.016 | Y35: =H36 -> 0.037 | Z35: =H37 -> 0.017 | AA35: =H38 -> 0.015 | AB35: =H39 -> 0.017 | AC35: =1000000*(O35*Q35*S35)^(1/3)/(I35+0.5*J35+240*K35) -> 4091.6752
C36: M1no6 | D36: tb_swnz | E36: 0.261 | F36: 0.153 | G36: 0.108 | H36: 0.037 | I36: 3793 | J36: 3637 | K36: 48 | L36: 4579 | M36: 5573 | N36: 67 | O36: 71 | P36: 65.5 | Q36: 66 | R36: 48 | S36: 73.5 | T36: 0 | U36: 1.818 | V36: 0.068 | W36: 4.02 | X36: =H35 -> 0.016 | Y36: =H36 -> 0.037 | Z36: =H37 -> 0.017 | AA36: =H38 -> 0.015 | AB36: =H39 -> 0.017 | AC36: =1000000*(O36*Q36*S36)^(1/3)/(I36+0.5*J36+240*K36) -> 4091.6752 | AE36: SW rate | AF36: 0 | AG36: 0.12 | AH36: 0.21 | AI36: 0.26 | AJ36: 0.28 | AK36: 0.26 | AL36: 0.21 | AM36: 0.12 | AN36: 0 | AO36: 0.12 | AP36: 0.21 | AQ36: 0.26 | AR36: 0.28 | AS36: 0.26 | AT36: 0.21 | AU36: 0.12 | AV36: 0 | AW36: 0.12 | AX36: 0.21 | AY36: 0.26 | AZ36: 0.28 | BA36: 0.26 | BB36: 0.21 | BC36: 0.12 | BD36: 0 | BE36: 0.12 | BF36: 0.21 | BG36: 0.26 | BH36: 0.28 | BI36: 0.26 | BJ36: 0.21 | BK36: 0.12 | BL36: 0 | BM36: 0.12 | BN36: 0.21 | BO36: 0.26 | BP36: 0.28 | BQ36: 0.26 | BR36: 0.21 | BS36: 0.12 | BT36: 0 | BU36: 0.12 | BV36: 0.21 | BW36: 0.26 | BX36: 0.28 | BY36: 0.26 | BZ36: 0.21 | CA36: 0.12 | CB36: 0 | CC36: 0.12 | CD36: 0.21 | CE36: 0.26 | CF36: 0.28 | CG36: 0.26 | CH36: 0.21 | CI36: 0.12 | CJ36: 0 | CK36: 0.12 | CL36: 0.21 | CM36: 0.26 | CN36: 0.28 | CO36: 0.26 | CP36: 0.21 | CQ36: 0.12
C37: M1no6 | D37: tb_swzr | E37: 0.234 | F37: 0.127 | G37: 0.107 | H37: 0.017 | I37: 3793 | J37: 3637 | K37: 48 | L37: 4579 | M37: 5573 | N37: 67 | O37: 71 | P37: 65.5 | Q37: 66 | R37: 48 | S37: 73.5 | T37: 0 | U37: 1.818 | V37: 0.068 | W37: 4.02 | X37: =H35 -> 0.016 | Y37: =H36 -> 0.037 | Z37: =H37 -> 0.017 | AA37: =H38 -> 0.015 | AB37: =H39 -> 0.017 | AC37: =1000000*(O37*Q37*S37)^(1/3)/(I37+0.5*J37+240*K37) -> 4091.6752
C38: M1no6 | D38: tb_zrnz | E38: 0.231 | F38: 0.124 | G38: 0.107 | H38: 0.015 | I38: 3793 | J38: 3637 | K38: 48 | L38: 4579 | M38: 5573 | N38: 67 | O38: 71 | P38: 65.5 | Q38: 66 | R38: 48 | S38: 73.5 | T38: 0 | U38: 1.818 | V38: 0.068 | W38: 4.02 | X38: =H35 -> 0.016 | Y38: =H36 -> 0.037 | Z38: =H37 -> 0.017 | AA38: =H38 -> 0.015 | AB38: =H39 -> 0.017 | AC38: =1000000*(O38*Q38*S38)^(1/3)/(I38+0.5*J38+240*K38) -> 4091.6752 | AE38: ZR rate | AF38: 0 | AG38: 0.065 | AH38: 0.145 | AI38: 0.245 | AJ38: 0.36 | AK38: 0.395 | AL38: 0.645 | AM38: 0.815 | AN38: 0 | AO38: 0.065 | AP38: 0.145 | AQ38: 0.245 | AR38: 0.36 | AS38: 0.395 | AT38: 0.645 | AU38: 0.815 | AV38: 0 | AW38: 0.065 | AX38: 0.145 | AY38: 0.245 | AZ38: 0.36 | BA38: 0.395 | BB38: 0.645 | BC38: 0.815 | BD38: 0 | BE38: 0.065 | BF38: 0.145 | BG38: 0.245 | BH38: 0.36 | BI38: 0.395 | BJ38: 0.645 | BK38: 0.815 | BL38: 0 | BM38: 0.065 | BN38: 0.145 | BO38: 0.245 | BP38: 0.36 | BQ38: 0.395 | BR38: 0.645 | BS38: 0.815 | BT38: 0 | BU38: 0.065 | BV38: 0.145 | BW38: 0.245 | BX38: 0.36 | BY38: 0.395 | BZ38: 0.645 | CA38: 0.815 | CB38: 0 | CC38: 0.065 | CD38: 0.145 | CE38: 0.245 | CF38: 0.36 | CG38: 0.395 | CH38: 0.645 | CI38: 0.815 | CJ38: 0 | CK38: 0.065 | CL38: 0.145 | CM38: 0.245 | CN38: 0.36 | CO38: 0.395 | CP38: 0.645 | CQ38: 0.815
C39: M1no6 | D39: tb_zrzr | E39: 0.234 | F39: 0.127 | G39: 0.107 | H39: 0.017 | I39: 3793 | J39: 3637 | K39: 48 | L39: 4579 | M39: 5573 | N39: 67 | O39: 71 | P39: 65.5 | Q39: 66 | R39: 48 | S39: 73.5 | T39: =(N34*O34*P34*Q34*R34*S34)/(I34*J34*K34*(F34*H34 + F35*H35 + F36*H36 + F37*H37 + F38*H38 + F39*H39)) -> 5559.7987 | U39: 1.818 | V39: 0.068 | W39: 4.02 | X39: =H35 -> 0.016 | Y39: =H36 -> 0.037 | Z39: =H37 -> 0.017 | AA39: =H38 -> 0.015 | AB39: =H39 -> 0.017 | AC39: =1000000*(O39*Q39*S39)^(1/3)/(I39+0.5*J39+240*K39) -> 4091.6752 | AE39: Score | AF39: =($O39*$Q39*$S39)^(1/3)/(AF34*((1-AF$2)*$H34+AF$2*$H35) + AF36*((1-AF$2)*$H36+AF$2*$H37) + AF38*((1-AF$2)*$H38+AF$2*$H39)) -> 1844.6456 | AG39: =($O39*$Q39*$S39)^(1/3)/(AG34*((1-AG$2)*$H34+AG$2*$H35) + AG36*((1-AG$2)*$H36+AG$2*$H37) + AG38*((1-AG$2)*$H38+AG$2*$H39)) -> 1926.5228 | AH39: =($O39*$Q39*$S39)^(1/3)/(AH34*((1-AH$2)*$H34+AH$2*$H35) + AH36*((1-AH$2)*$H36+AH$2*$H37) + AH38*((1-AH$2)*$H38+AH$2*$H39)) -> 2034.4372 | AI39: =($O39*$Q39*$S39)^(1/3)/(AI34*((1-AI$2)*$H34+AI$2*$H35) + AI36*((1-AI$2)*$H36+AI$2*$H37) + AI38*((1-AI$2)*$H38+AI$2*$H39)) -> 2476.4718 | AJ39: =($O39*$Q39*$S39)^(1/3)/(AJ34*((1-AJ$2)*$H34+AJ$2*$H35) + AJ36*((1-AJ$2)*$H36+AJ$2*$H37) + AJ38*((1-AJ$2)*$H38+AJ$2*$H39)) -> 2380.9964 | AK39: =($O39*$Q39*$S39)^(1/3)/(AK34*((1-AK$2)*$H34+AK$2*$H35) + AK36*((1-AK$2)*$H36+AK$2*$H37) + AK38*((1-AK$2)*$H38+AK$2*$H39)) -> 2820.2186 | AL39: =($O39*$Q39*$S39)^(1/3)/(AL34*((1-AL$2)*$H34+AL$2*$H35) + AL36*((1-AL$2)*$H36+AL$2*$H37) + AL38*((1-AL$2)*$H38+AL$2*$H39)) -> 3053.6499 | AM39: =($O39*$Q39*$S39)^(1/3)/(AM34*((1-AM$2)*$H34+AM$2*$H35) + AM36*((1-AM$2)*$H36+AM$2*$H37) + AM38*((1-AM$2)*$H38+AM$2*$H39)) -> 3663.2628 | ... CQ39: =($O39*$Q39*$S39)^(1/3)/(CQ34*((1-CQ$2)*$H34+CQ$2*$H35) + CQ36*((1-CQ$2)*$H36+CQ$2*$H37) + CQ38*((1-CQ$2)*$H38+CQ$2*$H39)) -> 4073.0118 | CS39: =100*$AF39/AF39 -> 100 | CT39: =100*$AF39/AG39 -> 95.75 | CU39: =100*$AF39/AH39 -> 90.671053 | CV39: =100*$AF39/AI39 -> 74.486842 | CW39: =100*$AF39/AJ39 -> 77.473684 | CX39: =100*$AF39/AK39 -> 65.407895 | CY39: =100*$AF39/AL39 -> 60.407895 | CZ39: =100*$AF39/AM39 -> 50.355263 | ... FD39: =100*$AF39/CQ39 -> 45.289474
C40: M1no7 | D40: tb_nznz | E40: 0.264 | F40: 0.156 | G40: 0.108 | H40: 0.039 | I40: 3825 | J40: 3573 | K40: 48 | L40: 4621 | M40: 5509 | N40: 67 | O40: 71 | P40: 65.5 | Q40: 66 | R40: 48 | S40: 73.5 | T40: 0 | U40: 1.822 | V40: 0.064 | W40: 4.02 | X40: =H41 -> 0.024 | Y40: =H42 -> 0.038 | Z40: =H43 -> 0.024 | AA40: =H44 -> 0.016 | AB40: =H45 -> 0.024 | AC40: =1000000*(O40*Q40*S40)^(1/3)/(I40+0.5*J40+240*K40) -> 4091.6752 | AE40: NZ rate | AF40: 1 | AG40: 0.815 | AH40: 0.645 | AI40: 0.395 | AJ40: 0.36 | AK40: 0.245 | AL40: 0.145 | AM40: 0.065 | AN40: 1 | AO40: 0.815 | AP40: 0.645 | AQ40: 0.395 | AR40: 0.36 | AS40: 0.245 | AT40: 0.145 | AU40: 0.065 | AV40: 1 | AW40: 0.815 | AX40: 0.645 | AY40: 0.395 | AZ40: 0.36 | BA40: 0.245 | BB40: 0.145 | BC40: 0.065 | BD40: 1 | BE40: 0.815 | BF40: 0.645 | BG40: 0.395 | BH40: 0.36 | BI40: 0.245 | BJ40: 0.145 | BK40: 0.065 | BL40: 1 | BM40: 0.815 | BN40: 0.645 | BO40: 0.395 | BP40: 0.36 | BQ40: 0.245 | BR40: 0.145 | BS40: 0.065 | BT40: 1 | BU40: 0.815 | BV40: 0.645 | BW40: 0.395 | BX40: 0.36 | BY40: 0.245 | BZ40: 0.145 | CA40: 0.065 | CB40: 1 | CC40: 0.815 | CD40: 0.645 | CE40: 0.395 | CF40: 0.36 | CG40: 0.245 | CH40: 0.145 | CI40: 0.065 | CJ40: 1 | CK40: 0.815 | CL40: 0.645 | CM40: 0.395 | CN40: 0.36 | CO40: 0.245 | CP40: 0.145 | CQ40: 0.065
C41: M1no7 | D41: tb_nzzr | E41: 0.241 | F41: 0.134 | G41: 0.107 | H41: 0.024 | I41: 3825 | J41: 3573 | K41: 48 | L41: 4621 | M41: 5509 | N41: 67 | O41: 71 | P41: 65.5 | Q41: 66 | R41: 48 | S41: 73.5 | T41: 0 | U41: 1.822 | V41: 0.064 | W41: 4.02 | X41: =H41 -> 0.024 | Y41: =H42 -> 0.038 | Z41: =H43 -> 0.024 | AA41: =H44 -> 0.016 | AB41: =H45 -> 0.024 | AC41: =1000000*(O41*Q41*S41)^(1/3)/(I41+0.5*J41+240*K41) -> 4091.6752
C42: M1no7 | D42: tb_swnz | E42: 0.264 | F42: 0.156 | G42: 0.108 | H42: 0.038 | I42: 3825 | J42: 3573 | K42: 48 | L42: 4621 | M42: 5509 | N42: 67 | O42: 71 | P42: 65.5 | Q42: 66 | R42: 48 | S42: 73.5 | T42: 0 | U42: 1.822 | V42: 0.064 | W42: 4.02 | X42: =H41 -> 0.024 | Y42: =H42 -> 0.038 | Z42: =H43 -> 0.024 | AA42: =H44 -> 0.016 | AB42: =H45 -> 0.024 | AC42: =1000000*(O42*Q42*S42)^(1/3)/(I42+0.5*J42+240*K42) -> 4091.6752 | AE42: SW rate | AF42: 0 | AG42: 0.12 | AH42: 0.21 | AI42: 0.26 | AJ42: 0.28 | AK42: 0.26 | AL42: 0.21 | AM42: 0.12 | AN42: 0 | AO42: 0.12 | AP42: 0.21 | AQ42: 0.26 | AR42: 0.28 | AS42: 0.26 | AT42: 0.21 | AU42: 0.12 | AV42: 0 | AW42: 0.12 | AX42: 0.21 | AY42: 0.26 | AZ42: 0.28 | BA42: 0.26 | BB42: 0.21 | BC42: 0.12 | BD42: 0 | BE42: 0.12 | BF42: 0.21 | BG42: 0.26 | BH42: 0.28 | BI42: 0.26 | BJ42: 0.21 | BK42: 0.12 | BL42: 0 | BM42: 0.12 | BN42: 0.21 | BO42: 0.26 | BP42: 0.28 | BQ42: 0.26 | BR42: 0.21 | BS42: 0.12 | BT42: 0 | BU42: 0.12 | BV42: 0.21 | BW42: 0.26 | BX42: 0.28 | BY42: 0.26 | BZ42: 0.21 | CA42: 0.12 | CB42: 0 | CC42: 0.12 | CD42: 0.21 | CE42: 0.26 | CF42: 0.28 | CG42: 0.26 | CH42: 0.21 | CI42: 0.12 | CJ42: 0 | CK42: 0.12 | CL42: 0.21 | CM42: 0.26 | CN42: 0.28 | CO42: 0.26 | CP42: 0.21 | CQ42: 0.12
C43: M1no7 | D43: tb_swzr | E43: 0.243 | F43: 0.135 | G43: 0.107 | H43: 0.024 | I43: 3825 | J43: 3573 | K43: 48 | L43: 4621 | M43: 5509 | N43: 67 | O43: 71 | P43: 65.5 | Q43: 66 | R43: 48 | S43: 73.5 | T43: 0 | U43: 1.822 | V43: 0.064 | W43: 4.02 | X43: =H41 -> 0.024 | Y43: =H42 -> 0.038 | Z43: =H43 -> 0.024 | AA43: =H44 -> 0.016 | AB43: =H45 -> 0.024 | AC43: =1000000*(O43*Q43*S43)^(1/3)/(I43+0.5*J43+240*K43) -> 4091.6752
C44: M1no7 | D44: tb_zrnz | E44: 0.234 | F44: 0.126 | G44: 0.107 | H44: 0.016 | I44: 3825 | J44: 3573 | K44: 48 | L44: 4621 | M44: 5509 | N44: 67 | O44: 71 | P44: 65.5 | Q44: 66 | R44: 48 | S44: 73.5 | T44: 0 | U44: 1.822 | V44: 0.064 | W44: 4.02 | X44: =H41 -> 0.024 | Y44: =H42 -> 0.038 | Z44: =H43 -> 0.024 | AA44: =H44 -> 0.016 | AB44: =H45 -> 0.024 | AC44: =1000000*(O44*Q44*S44)^(1/3)/(I44+0.5*J44+240*K44) -> 4091.6752 | AE44: ZR rate | AF44: 0 | AG44: 0.065 | AH44: 0.145 | AI44: 0.245 | AJ44: 0.36 | AK44: 0.395 | AL44: 0.645 | AM44: 0.815 | AN44: 0 | AO44: 0.065 | AP44: 0.145 | AQ44: 0.245 | AR44: 0.36 | AS44: 0.395 | AT44: 0.645 | AU44: 0.815 | AV44: 0 | AW44: 0.065 | AX44: 0.145 | AY44: 0.245 | AZ44: 0.36 | BA44: 0.395 | BB44: 0.645 | BC44: 0.815 | BD44: 0 | BE44: 0.065 | BF44: 0.145 | BG44: 0.245 | BH44: 0.36 | BI44: 0.395 | BJ44: 0.645 | BK44: 0.815 | BL44: 0 | BM44: 0.065 | BN44: 0.145 | BO44: 0.245 | BP44: 0.36 | BQ44: 0.395 | BR44: 0.645 | BS44: 0.815 | BT44: 0 | BU44: 0.065 | BV44: 0.145 | BW44: 0.245 | BX44: 0.36 | BY44: 0.395 | BZ44: 0.645 | CA44: 0.815 | CB44: 0 | CC44: 0.065 | CD44: 0.145 | CE44: 0.245 | CF44: 0.36 | CG44: 0.395 | CH44: 0.645 | CI44: 0.815 | CJ44: 0 | CK44: 0.065 | CL44: 0.145 | CM44: 0.245 | CN44: 0.36 | CO44: 0.395 | CP44: 0.645 | CQ44: 0.815
C45: M1no7 | D45: tb_zrzr | E45: 0.243 | F45: 0.135 | G45: 0.107 | H45: 0.024 | I45: 3825 | J45: 3573 | K45: 48 | L45: 4621 | M45: 5509 | N45: 67 | O45: 71 | P45: 65.5 | Q45: 66 | R45: 48 | S45: 73.5 | T45: =(N40*O40*P40*Q40*R40*S40)/(I40*J40*K40*(F40*H40 + F41*H41 + F42*H42 + F43*H43 + F44*H44 + F45*H45)) -> 4661.797 | U45: 1.822 | V45: 0.064 | W45: 4.02 | X45: =H41 -> 0.024 | Y45: =H42 -> 0.038 | Z45: =H43 -> 0.024 | AA45: =H44 -> 0.016 | AB45: =H45 -> 0.024 | AC45: =1000000*(O45*Q45*S45)^(1/3)/(I45+0.5*J45+240*K45) -> 4091.6752 | AE45: Score | AF45: =($O45*$Q45*$S45)^(1/3)/(AF40*((1-AF$2)*$H40+AF$2*$H41) + AF42*((1-AF$2)*$H42+AF$2*$H43) + AF44*((1-AF$2)*$H44+AF$2*$H45)) -> 1797.347 | AG45: =($O45*$Q45*$S45)^(1/3)/(AG40*((1-AG$2)*$H40+AG$2*$H41) + AG42*((1-AG$2)*$H42+AG$2*$H43) + AG44*((1-AG$2)*$H44+AG$2*$H45)) -> 1874.9909 | AH45: =($O45*$Q45*$S45)^(1/3)/(AH40*((1-AH$2)*$H40+AH$2*$H41) + AH42*((1-AH$2)*$H42+AH$2*$H43) + AH44*((1-AH$2)*$H44+AH$2*$H45)) -> 1977.0564 | AI45: =($O45*$Q45*$S45)^(1/3)/(AI40*((1-AI$2)*$H40+AI$2*$H41) + AI42*((1-AI$2)*$H42+AI$2*$H43) + AI44*((1-AI$2)*$H44+AI$2*$H45)) -> 2400.1552 | AJ45: =($O45*$Q45*$S45)^(1/3)/(AJ40*((1-AJ$2)*$H40+AJ$2*$H41) + AJ42*((1-AJ$2)*$H42+AJ$2*$H43) + AJ44*((1-AJ$2)*$H44+AJ$2*$H45)) -> 2302.7771 | AK45: =($O45*$Q45*$S45)^(1/3)/(AK40*((1-AK$2)*$H40+AK$2*$H41) + AK42*((1-AK$2)*$H42+AK$2*$H43) + AK44*((1-AK$2)*$H44+AK$2*$H45)) -> 2721.667 | AL45: =($O45*$Q45*$S45)^(1/3)/(AL40*((1-AL$2)*$H40+AL$2*$H41) + AL42*((1-AL$2)*$H42+AL$2*$H43) + AL44*((1-AL$2)*$H44+AL$2*$H45)) -> 2926.1755 | AM45: =($O45*$Q45*$S45)^(1/3)/(AM40*((1-AM$2)*$H40+AM$2*$H41) + AM42*((1-AM$2)*$H42+AM$2*$H43) + AM44*((1-AM$2)*$H44+AM$2*$H45)) -> 3481.3277 | ... CQ45: =($O45*$Q45*$S45)^(1/3)/(CQ40*((1-CQ$2)*$H40+CQ$2*$H41) + CQ42*((1-CQ$2)*$H42+CQ$2*$H43) + CQ44*((1-CQ$2)*$H44+CQ$2*$H45)) -> 2980.6908 | CS45: =100*$AF45/AF45 -> 100 | CT45: =100*$AF45/AG45 -> 95.858974 | CU45: =100*$AF45/AH45 -> 90.910256 | CV45: =100*$AF45/AI45 -> 74.884615 | CW45: =100*$AF45/AJ45 -> 78.051282 | CX45: =100*$AF45/AK45 -> 66.038462 | CY45: =100*$AF45/AL45 -> 61.423077 | CZ45: =100*$AF45/AM45 -> 51.628205 | ... FD45: =100*$AF45/CQ45 -> 60.299679
C46: M1no8 | D46: tb_nznz | E46: 0.263 | F46: 0.155 | G46: 0.108 | H46: 0.039 | I46: 3785 | J46: 3565 | K46: 48 | L46: 4576 | M46: 5501 | N46: 67 | O46: 71 | P46: 65.5 | Q46: 66 | R46: 48 | S46: 73.5 | T46: 0 | U46: 2.001 | V46: 0.062 | W46: 4.02 | X46: =H47 -> 0.017 | Y46: =H48 -> 0.038 | Z46: =H49 -> 0.018 | AA46: =H50 -> 0.016 | AB46: =H51 -> 0.018 | AC46: =1000000*(O46*Q46*S46)^(1/3)/(I46+0.5*J46+240*K46) -> 4102.2112 | AE46: NZ rate | AF46: 1 | AG46: 0.815 | AH46: 0.645 | AI46: 0.395 | AJ46: 0.36 | AK46: 0.245 | AL46: 0.145 | AM46: 0.065 | AN46: 1 | AO46: 0.815 | AP46: 0.645 | AQ46: 0.395 | AR46: 0.36 | AS46: 0.245 | AT46: 0.145 | AU46: 0.065 | AV46: 1 | AW46: 0.815 | AX46: 0.645 | AY46: 0.395 | AZ46: 0.36 | BA46: 0.245 | BB46: 0.145 | BC46: 0.065 | BD46: 1 | BE46: 0.815 | BF46: 0.645 | BG46: 0.395 | BH46: 0.36 | BI46: 0.245 | BJ46: 0.145 | BK46: 0.065 | BL46: 1 | BM46: 0.815 | BN46: 0.645 | BO46: 0.395 | BP46: 0.36 | BQ46: 0.245 | BR46: 0.145 | BS46: 0.065 | BT46: 1 | BU46: 0.815 | BV46: 0.645 | BW46: 0.395 | BX46: 0.36 | BY46: 0.245 | BZ46: 0.145 | CA46: 0.065 | CB46: 1 | CC46: 0.815 | CD46: 0.645 | CE46: 0.395 | CF46: 0.36 | CG46: 0.245 | CH46: 0.145 | CI46: 0.065 | CJ46: 1 | CK46: 0.815 | CL46: 0.645 | CM46: 0.395 | CN46: 0.36 | CO46: 0.245 | CP46: 0.145 | CQ46: 0.065
C47: M1no8 | D47: tb_nzzr | E47: 0.234 | F47: 0.126 | G47: 0.107 | H47: 0.017 | I47: 3785 | J47: 3565 | K47: 48 | L47: 4576 | M47: 5501 | N47: 67 | O47: 71 | P47: 65.5 | Q47: 66 | R47: 48 | S47: 73.5 | T47: 0 | U47: 2.001 | V47: 0.062 | W47: 4.02 | X47: =H47 -> 0.017 | Y47: =H48 -> 0.038 | Z47: =H49 -> 0.018 | AA47: =H50 -> 0.016 | AB47: =H51 -> 0.018 | AC47: =1000000*(O47*Q47*S47)^(1/3)/(I47+0.5*J47+240*K47) -> 4102.2112
C48: M1no8 | D48: tb_swnz | E48: 0.263 | F48: 0.155 | G48: 0.108 | H48: 0.038 | I48: 3785 | J48: 3565 | K48: 48 | L48: 4576 | M48: 5501 | N48: 67 | O48: 71 | P48: 65.5 | Q48: 66 | R48: 48 | S48: 73.5 | T48: 0 | U48: 2.001 | V48: 0.062 | W48: 4.02 | X48: =H47 -> 0.017 | Y48: =H48 -> 0.038 | Z48: =H49 -> 0.018 | AA48: =H50 -> 0.016 | AB48: =H51 -> 0.018 | AC48: =1000000*(O48*Q48*S48)^(1/3)/(I48+0.5*J48+240*K48) -> 4102.2112 | AE48: SW rate | AF48: 0 | AG48: 0.12 | AH48: 0.21 | AI48: 0.26 | AJ48: 0.28 | AK48: 0.26 | AL48: 0.21 | AM48: 0.12 | AN48: 0 | AO48: 0.12 | AP48: 0.21 | AQ48: 0.26 | AR48: 0.28 | AS48: 0.26 | AT48: 0.21 | AU48: 0.12 | AV48: 0 | AW48: 0.12 | AX48: 0.21 | AY48: 0.26 | AZ48: 0.28 | BA48: 0.26 | BB48: 0.21 | BC48: 0.12 | BD48: 0 | BE48: 0.12 | BF48: 0.21 | BG48: 0.26 | BH48: 0.28 | BI48: 0.26 | BJ48: 0.21 | BK48: 0.12 | BL48: 0 | BM48: 0.12 | BN48: 0.21 | BO48: 0.26 | BP48: 0.28 | BQ48: 0.26 | BR48: 0.21 | BS48: 0.12 | BT48: 0 | BU48: 0.12 | BV48: 0.21 | BW48: 0.26 | BX48: 0.28 | BY48: 0.26 | BZ48: 0.21 | CA48: 0.12 | CB48: 0 | CC48: 0.12 | CD48: 0.21 | CE48: 0.26 | CF48: 0.28 | CG48: 0.26 | CH48: 0.21 | CI48: 0.12 | CJ48: 0 | CK48: 0.12 | CL48: 0.21 | CM48: 0.26 | CN48: 0.28 | CO48: 0.26 | CP48: 0.21 | CQ48: 0.12
C49: M1no8 | D49: tb_swzr | E49: 0.235 | F49: 0.128 | G49: 0.107 | H49: 0.018 | I49: 3785 | J49: 3565 | K49: 48 | L49: 4576 | M49: 5501 | N49: 67 | O49: 71 | P49: 65.5 | Q49: 66 | R49: 48 | S49: 73.5 | T49: 0 | U49: 2.001 | V49: 0.062 | W49: 4.02 | X49: =H47 -> 0.017 | Y49: =H48 -> 0.038 | Z49: =H49 -> 0.018 | AA49: =H50 -> 0.016 | AB49: =H51 -> 0.018 | AC49: =1000000*(O49*Q49*S49)^(1/3)/(I49+0.5*J49+240*K49) -> 4102.2112
C50: M1no8 | D50: tb_zrnz | E50: 0.232 | F50: 0.125 | G50: 0.107 | H50: 0.016 | I50: 3785 | J50: 3565 | K50: 48 | L50: 4576 | M50: 5501 | N50: 67 | O50: 71 | P50: 65.5 | Q50: 66 | R50: 48 | S50: 73.5 | T50: 0 | U50: 2.001 | V50: 0.062 | W50: 4.02 | X50: =H47 -> 0.017 | Y50: =H48 -> 0.038 | Z50: =H49 -> 0.018 | AA50: =H50 -> 0.016 | AB50: =H51 -> 0.018 | AC50: =1000000*(O50*Q50*S50)^(1/3)/(I50+0.5*J50+240*K50) -> 4102.2112 | AE50: ZR rate | AF50: 0 | AG50: 0.065 | AH50: 0.145 | AI50: 0.245 | AJ50: 0.36 | AK50: 0.395 | AL50: 0.645 | AM50: 0.815 | AN50: 0 | AO50: 0.065 | AP50: 0.145 | AQ50: 0.245 | AR50: 0.36 | AS50: 0.395 | AT50: 0.645 | AU50: 0.815 | AV50: 0 | AW50: 0.065 | AX50: 0.145 | AY50: 0.245 | AZ50: 0.36 | BA50: 0.395 | BB50: 0.645 | BC50: 0.815 | BD50: 0 | BE50: 0.065 | BF50: 0.145 | BG50: 0.245 | BH50: 0.36 | BI50: 0.395 | BJ50: 0.645 | BK50: 0.815 | BL50: 0 | BM50: 0.065 | BN50: 0.145 | BO50: 0.245 | BP50: 0.36 | BQ50: 0.395 | BR50: 0.645 | BS50: 0.815 | BT50: 0 | BU50: 0.065 | BV50: 0.145 | BW50: 0.245 | BX50: 0.36 | BY50: 0.395 | BZ50: 0.645 | CA50: 0.815 | CB50: 0 | CC50: 0.065 | CD50: 0.145 | CE50: 0.245 | CF50: 0.36 | CG50: 0.395 | CH50: 0.645 | CI50: 0.815 | CJ50: 0 | CK50: 0.065 | CL50: 0.145 | CM50: 0.245 | CN50: 0.36 | CO50: 0.395 | CP50: 0.645 | CQ50: 0.815
C51: M1no8 | D51: tb_zrzr | E51: 0.235 | F51: 0.128 | G51: 0.107 | H51: 0.018 | I51: 3785 | J51: 3565 | K51: 48 | L51: 4576 | M51: 5501 | N51: 67 | O51: 71 | P51: 65.5 | Q51: 66 | R51: 48 | S51: 73.5 | T51: =(N46*O46*P46*Q46*R46*S46)/(I46*J46*K46*(F46*H46 + F47*H47 + F48*H48 + F49*H49 + F50*H50 + F51*H51)) -> 5415.3282 | U51: 2.001 | V51: 0.062 | W51: 4.02 | X51: =H47 -> 0.017 | Y51: =H48 -> 0.038 | Z51: =H49 -> 0.018 | AA51: =H50 -> 0.016 | AB51: =H51 -> 0.018 | AC51: =1000000*(O51*Q51*S51)^(1/3)/(I51+0.5*J51+240*K51) -> 4102.2112 | AE51: Score | AF51: =($O51*$Q51*$S51)^(1/3)/(AF46*((1-AF$2)*$H46+AF$2*$H47) + AF48*((1-AF$2)*$H48+AF$2*$H49) + AF50*((1-AF$2)*$H50+AF$2*$H51)) -> 1797.347 | AG51: =($O51*$Q51*$S51)^(1/3)/(AG46*((1-AG$2)*$H46+AG$2*$H47) + AG48*((1-AG$2)*$H48+AG$2*$H49) + AG50*((1-AG$2)*$H50+AG$2*$H51)) -> 1874.9909 | AH51: =($O51*$Q51*$S51)^(1/3)/(AH46*((1-AH$2)*$H46+AH$2*$H47) + AH48*((1-AH$2)*$H48+AH$2*$H49) + AH50*((1-AH$2)*$H50+AH$2*$H51)) -> 1977.0564 | AI51: =($O51*$Q51*$S51)^(1/3)/(AI46*((1-AI$2)*$H46+AI$2*$H47) + AI48*((1-AI$2)*$H48+AI$2*$H49) + AI50*((1-AI$2)*$H50+AI$2*$H51)) -> 2400.1552 | AJ51: =($O51*$Q51*$S51)^(1/3)/(AJ46*((1-AJ$2)*$H46+AJ$2*$H47) + AJ48*((1-AJ$2)*$H48+AJ$2*$H49) + AJ50*((1-AJ$2)*$H50+AJ$2*$H51)) -> 2302.7771 | AK51: =($O51*$Q51*$S51)^(1/3)/(AK46*((1-AK$2)*$H46+AK$2*$H47) + AK48*((1-AK$2)*$H48+AK$2*$H49) + AK50*((1-AK$2)*$H50+AK$2*$H51)) -> 2721.667 | AL51: =($O51*$Q51*$S51)^(1/3)/(AL46*((1-AL$2)*$H46+AL$2*$H47) + AL48*((1-AL$2)*$H48+AL$2*$H49) + AL50*((1-AL$2)*$H50+AL$2*$H51)) -> 2926.1755 | AM51: =($O51*$Q51*$S51)^(1/3)/(AM46*((1-AM$2)*$H46+AM$2*$H47) + AM48*((1-AM$2)*$H48+AM$2*$H49) + AM50*((1-AM$2)*$H50+AM$2*$H51)) -> 3481.3277 | ... CQ51: =($O51*$Q51*$S51)^(1/3)/(CQ46*((1-CQ$2)*$H46+CQ$2*$H47) + CQ48*((1-CQ$2)*$H48+CQ$2*$H49) + CQ50*((1-CQ$2)*$H50+CQ$2*$H51)) -> 3849.3429 | CS51: =100*$AF51/AF51 -> 100 | CT51: =100*$AF51/AG51 -> 95.858974 | CU51: =100*$AF51/AH51 -> 90.910256 | CV51: =100*$AF51/AI51 -> 74.884615 | CW51: =100*$AF51/AJ51 -> 78.051282 | CX51: =100*$AF51/AK51 -> 66.038462 | CY51: =100*$AF51/AL51 -> 61.423077 | CZ51: =100*$AF51/AM51 -> 51.628205 | ... FD51: =100*$AF51/CQ51 -> 46.692308
C52: M1no9 | D52: tb_nznz | E52: 0.266 | F52: 0.158 | G52: 0.108 | H52: 0.04 | I52: 3850 | J52: 3693 | K52: 48 | L52: 4646 | M52: 5629 | N52: 67 | O52: 71 | P52: 65.5 | Q52: 66 | R52: 48 | S52: 73.5 | T52: 0 | U52: 1.142 | V52: 0.067 | W52: 4.02 | X52: =H53 -> 0.019 | Y52: =H54 -> 0.04 | Z52: =H55 -> 0.02 | AA52: =H56 -> 0.018 | AB52: =H57 -> 0.02 | AC52: =1000000*(O52*Q52*S52)^(1/3)/(I52+0.5*J52+240*K52) -> 4071.4741 | AE52: NZ rate | AF52: 1 | AG52: 0.815 | AH52: 0.645 | AI52: 0.395 | AJ52: 0.36 | AK52: 0.245 | AL52: 0.145 | AM52: 0.065 | AN52: 1 | AO52: 0.815 | AP52: 0.645 | AQ52: 0.395 | AR52: 0.36 | AS52: 0.245 | AT52: 0.145 | AU52: 0.065 | AV52: 1 | AW52: 0.815 | AX52: 0.645 | AY52: 0.395 | AZ52: 0.36 | BA52: 0.245 | BB52: 0.145 | BC52: 0.065 | BD52: 1 | BE52: 0.815 | BF52: 0.645 | BG52: 0.395 | BH52: 0.36 | BI52: 0.245 | BJ52: 0.145 | BK52: 0.065 | BL52: 1 | BM52: 0.815 | BN52: 0.645 | BO52: 0.395 | BP52: 0.36 | BQ52: 0.245 | BR52: 0.145 | BS52: 0.065 | BT52: 1 | BU52: 0.815 | BV52: 0.645 | BW52: 0.395 | BX52: 0.36 | BY52: 0.245 | BZ52: 0.145 | CA52: 0.065 | CB52: 1 | CC52: 0.815 | CD52: 0.645 | CE52: 0.395 | CF52: 0.36 | CG52: 0.245 | CH52: 0.145 | CI52: 0.065 | CJ52: 1 | CK52: 0.815 | CL52: 0.645 | CM52: 0.395 | CN52: 0.36 | CO52: 0.245 | CP52: 0.145 | CQ52: 0.065
C53: M1no9 | D53: tb_nzzr | E53: 0.236 | F53: 0.129 | G53: 0.107 | H53: 0.019 | I53: 3850 | J53: 3693 | K53: 48 | L53: 4646 | M53: 5629 | N53: 67 | O53: 71 | P53: 65.5 | Q53: 66 | R53: 48 | S53: 73.5 | T53: 0 | U53: 1.142 | V53: 0.067 | W53: 4.02 | X53: =H53 -> 0.019 | Y53: =H54 -> 0.04 | Z53: =H55 -> 0.02 | AA53: =H56 -> 0.018 | AB53: =H57 -> 0.02 | AC53: =1000000*(O53*Q53*S53)^(1/3)/(I53+0.5*J53+240*K53) -> 4071.4741
C54: M1no9 | D54: tb_swnz | E54: 0.266 | F54: 0.158 | G54: 0.108 | H54: 0.04 | I54: 3850 | J54: 3693 | K54: 48 | L54: 4646 | M54: 5629 | N54: 67 | O54: 71 | P54: 65.5 | Q54: 66 | R54: 48 | S54: 73.5 | T54: 0 | U54: 1.142 | V54: 0.067 | W54: 4.02 | X54: =H53 -> 0.019 | Y54: =H54 -> 0.04 | Z54: =H55 -> 0.02 | AA54: =H56 -> 0.018 | AB54: =H57 -> 0.02 | AC54: =1000000*(O54*Q54*S54)^(1/3)/(I54+0.5*J54+240*K54) -> 4071.4741 | AE54: SW rate | AF54: 0 | AG54: 0.12 | AH54: 0.21 | AI54: 0.26 | AJ54: 0.28 | AK54: 0.26 | AL54: 0.21 | AM54: 0.12 | AN54: 0 | AO54: 0.12 | AP54: 0.21 | AQ54: 0.26 | AR54: 0.28 | AS54: 0.26 | AT54: 0.21 | AU54: 0.12 | AV54: 0 | AW54: 0.12 | AX54: 0.21 | AY54: 0.26 | AZ54: 0.28 | BA54: 0.26 | BB54: 0.21 | BC54: 0.12 | BD54: 0 | BE54: 0.12 | BF54: 0.21 | BG54: 0.26 | BH54: 0.28 | BI54: 0.26 | BJ54: 0.21 | BK54: 0.12 | BL54: 0 | BM54: 0.12 | BN54: 0.21 | BO54: 0.26 | BP54: 0.28 | BQ54: 0.26 | BR54: 0.21 | BS54: 0.12 | BT54: 0 | BU54: 0.12 | BV54: 0.21 | BW54: 0.26 | BX54: 0.28 | BY54: 0.26 | BZ54: 0.21 | CA54: 0.12 | CB54: 0 | CC54: 0.12 | CD54: 0.21 | CE54: 0.26 | CF54: 0.28 | CG54: 0.26 | CH54: 0.21 | CI54: 0.12 | CJ54: 0 | CK54: 0.12 | CL54: 0.21 | CM54: 0.26 | CN54: 0.28 | CO54: 0.26 | CP54: 0.21 | CQ54: 0.12
C55: M1no9 | D55: tb_swzr | E55: 0.238 | F55: 0.131 | G55: 0.107 | H55: 0.02 | I55: 3850 | J55: 3693 | K55: 48 | L55: 4646 | M55: 5629 | N55: 67 | O55: 71 | P55: 65.5 | Q55: 66 | R55: 48 | S55: 73.5 | T55: 0 | U55: 1.142 | V55: 0.067 | W55: 4.02 | X55: =H53 -> 0.019 | Y55: =H54 -> 0.04 | Z55: =H55 -> 0.02 | AA55: =H56 -> 0.018 | AB55: =H57 -> 0.02 | AC55: =1000000*(O55*Q55*S55)^(1/3)/(I55+0.5*J55+240*K55) -> 4071.4741
C56: M1no9 | D56: tb_zrnz | E56: 0.235 | F56: 0.128 | G56: 0.107 | H56: 0.018 | I56: 3850 | J56: 3693 | K56: 48 | L56: 4646 | M56: 5629 | N56: 67 | O56: 71 | P56: 65.5 | Q56: 66 | R56: 48 | S56: 73.5 | T56: 0 | U56: 1.142 | V56: 0.067 | W56: 4.02 | X56: =H53 -> 0.019 | Y56: =H54 -> 0.04 | Z56: =H55 -> 0.02 | AA56: =H56 -> 0.018 | AB56: =H57 -> 0.02 | AC56: =1000000*(O56*Q56*S56)^(1/3)/(I56+0.5*J56+240*K56) -> 4071.4741 | AE56: ZR rate | AF56: 0 | AG56: 0.065 | AH56: 0.145 | AI56: 0.245 | AJ56: 0.36 | AK56: 0.395 | AL56: 0.645 | AM56: 0.815 | AN56: 0 | AO56: 0.065 | AP56: 0.145 | AQ56: 0.245 | AR56: 0.36 | AS56: 0.395 | AT56: 0.645 | AU56: 0.815 | AV56: 0 | AW56: 0.065 | AX56: 0.145 | AY56: 0.245 | AZ56: 0.36 | BA56: 0.395 | BB56: 0.645 | BC56: 0.815 | BD56: 0 | BE56: 0.065 | BF56: 0.145 | BG56: 0.245 | BH56: 0.36 | BI56: 0.395 | BJ56: 0.645 | BK56: 0.815 | BL56: 0 | BM56: 0.065 | BN56: 0.145 | BO56: 0.245 | BP56: 0.36 | BQ56: 0.395 | BR56: 0.645 | BS56: 0.815 | BT56: 0 | BU56: 0.065 | BV56: 0.145 | BW56: 0.245 | BX56: 0.36 | BY56: 0.395 | BZ56: 0.645 | CA56: 0.815 | CB56: 0 | CC56: 0.065 | CD56: 0.145 | CE56: 0.245 | CF56: 0.36 | CG56: 0.395 | CH56: 0.645 | CI56: 0.815 | CJ56: 0 | CK56: 0.065 | CL56: 0.145 | CM56: 0.245 | CN56: 0.36 | CO56: 0.395 | CP56: 0.645 | CQ56: 0.815
C57: M1no9 | D57: tb_zrzr | E57: 0.238 | F57: 0.131 | G57: 0.107 | H57: 0.02 | I57: 3850 | J57: 3693 | K57: 48 | L57: 4646 | M57: 5629 | N57: 67 | O57: 71 | P57: 65.5 | Q57: 66 | R57: 48 | S57: 73.5 | T57: =(N52*O52*P52*Q52*R52*S52)/(I52*J52*K52*(F52*H52 + F53*H53 + F54*H54 + F55*H55 + F56*H56 + F57*H57)) -> 4696.6175 | U57: 1.142 | V57: 0.067 | W57: 4.02 | X57: =H53 -> 0.019 | Y57: =H54 -> 0.04 | Z57: =H55 -> 0.02 | AA57: =H56 -> 0.018 | AB57: =H57 -> 0.02 | AC57: =1000000*(O57*Q57*S57)^(1/3)/(I57+0.5*J57+240*K57) -> 4071.4741 | AE57: Score | AF57: =($O57*$Q57*$S57)^(1/3)/(AF52*((1-AF$2)*$H52+AF$2*$H53) + AF54*((1-AF$2)*$H54+AF$2*$H55) + AF56*((1-AF$2)*$H56+AF$2*$H57)) -> 1752.4133 | AG57: =($O57*$Q57*$S57)^(1/3)/(AG52*((1-AG$2)*$H52+AG$2*$H53) + AG54*((1-AG$2)*$H54+AG$2*$H55) + AG56*((1-AG$2)*$H56+AG$2*$H57)) -> 1817.3848 | AH57: =($O57*$Q57*$S57)^(1/3)/(AH52*((1-AH$2)*$H52+AH$2*$H53) + AH54*((1-AH$2)*$H54+AH$2*$H55) + AH56*((1-AH$2)*$H56+AH$2*$H57)) -> 1904.2796 | AI57: =($O57*$Q57*$S57)^(1/3)/(AI52*((1-AI$2)*$H52+AI$2*$H53) + AI54*((1-AI$2)*$H54+AI$2*$H55) + AI56*((1-AI$2)*$H56+AI$2*$H57)) -> 2289.988 | AJ57: =($O57*$Q57*$S57)^(1/3)/(AJ52*((1-AJ$2)*$H52+AJ$2*$H53) + AJ54*((1-AJ$2)*$H54+AJ$2*$H55) + AJ56*((1-AJ$2)*$H56+AJ$2*$H57)) -> 2185.054 | AK57: =($O57*$Q57*$S57)^(1/3)/(AK52*((1-AK$2)*$H52+AK$2*$H53) + AK54*((1-AK$2)*$H54+AK$2*$H55) + AK56*((1-AK$2)*$H56+AK$2*$H57)) -> 2566.6984 | AL57: =($O57*$Q57*$S57)^(1/3)/(AL52*((1-AL$2)*$H52+AL$2*$H53) + AL54*((1-AL$2)*$H54+AL$2*$H55) + AL56*((1-AL$2)*$H56+AL$2*$H57)) -> 2715.8672 | AM57: =($O57*$Q57*$S57)^(1/3)/(AM52*((1-AM$2)*$H52+AM$2*$H53) + AM54*((1-AM$2)*$H54+AM$2*$H55) + AM56*((1-AM$2)*$H56+AM$2*$H57)) -> 3176.1003 | ... CQ57: =($O57*$Q57*$S57)^(1/3)/(CQ52*((1-CQ$2)*$H52+CQ$2*$H53) + CQ54*((1-CQ$2)*$H54+CQ$2*$H55) + CQ56*((1-CQ$2)*$H56+CQ$2*$H57)) -> 3469.8033 | CS57: =100*$AF57/AF57 -> 100 | CT57: =100*$AF57/AG57 -> 96.425 | CU57: =100*$AF57/AH57 -> 92.025 | CV57: =100*$AF57/AI57 -> 76.525 | CW57: =100*$AF57/AJ57 -> 80.2 | CX57: =100*$AF57/AK57 -> 68.275 | CY57: =100*$AF57/AL57 -> 64.525 | CZ57: =100*$AF57/AM57 -> 55.175 | ... FD57: =100*$AF57/CQ57 -> 50.504688
C58: M2no1 | D58: tb_nznz | E58: 0.288 | F58: 0.18 | G58: 0.108 | H58: 0.048 | I58: 4542 | J58: 3821 | K58: 56 | L58: 5350 | M58: 5775 | N58: 72 | O58: 86 | P58: 87.5 | Q58: 90 | R58: 50 | S58: 86 | T58: 0 | U58: 1.653 | V58: 0.079 | W58: 4.02 | X58: =H59 -> 0.024 | Y58: =H60 -> 0.054 | Z58: =H61 -> 0.027 | AA58: =H62 -> 0.018 | AB58: =H63 -> 0.027 | AC58: =1000000*(O58*Q58*S58)^(1/3)/(I58+0.5*J58+240*K58) -> 4389.2512 | AE58: NZ rate | AF58: 1 | AG58: 0.815 | AH58: 0.645 | AI58: 0.395 | AJ58: 0.36 | AK58: 0.245 | AL58: 0.145 | AM58: 0.065 | AN58: 1 | AO58: 0.815 | AP58: 0.645 | AQ58: 0.395 | AR58: 0.36 | AS58: 0.245 | AT58: 0.145 | AU58: 0.065 | AV58: 1 | AW58: 0.815 | AX58: 0.645 | AY58: 0.395 | AZ58: 0.36 | BA58: 0.245 | BB58: 0.145 | BC58: 0.065 | BD58: 1 | BE58: 0.815 | BF58: 0.645 | BG58: 0.395 | BH58: 0.36 | BI58: 0.245 | BJ58: 0.145 | BK58: 0.065 | BL58: 1 | BM58: 0.815 | BN58: 0.645 | BO58: 0.395 | BP58: 0.36 | BQ58: 0.245 | BR58: 0.145 | BS58: 0.065 | BT58: 1 | BU58: 0.815 | BV58: 0.645 | BW58: 0.395 | BX58: 0.36 | BY58: 0.245 | BZ58: 0.145 | CA58: 0.065 | CB58: 1 | CC58: 0.815 | CD58: 0.645 | CE58: 0.395 | CF58: 0.36 | CG58: 0.245 | CH58: 0.145 | CI58: 0.065 | CJ58: 1 | CK58: 0.815 | CL58: 0.645 | CM58: 0.395 | CN58: 0.36 | CO58: 0.245 | CP58: 0.145 | CQ58: 0.065
C59: M2no1 | D59: tb_nzzr | E59: 0.257 | F59: 0.149 | G59: 0.108 | H59: 0.024 | I59: 4542 | J59: 3821 | K59: 56 | L59: 5350 | M59: 5775 | N59: 72 | O59: 86 | P59: 87.5 | Q59: 90 | R59: 50 | S59: 86 | T59: 0 | U59: 1.653 | V59: 0.079 | W59: 4.02 | X59: =H59 -> 0.024 | Y59: =H60 -> 0.054 | Z59: =H61 -> 0.027 | AA59: =H62 -> 0.018 | AB59: =H63 -> 0.027 | AC59: =1000000*(O59*Q59*S59)^(1/3)/(I59+0.5*J59+240*K59) -> 4389.2512
C60: M2no1 | D60: tb_swnz | E60: 0.295 | F60: 0.187 | G60: 0.108 | H60: 0.054 | I60: 4542 | J60: 3821 | K60: 56 | L60: 5350 | M60: 5775 | N60: 72 | O60: 86 | P60: 87.5 | Q60: 90 | R60: 50 | S60: 86 | T60: 0 | U60: 1.653 | V60: 0.079 | W60: 4.02 | X60: =H59 -> 0.024 | Y60: =H60 -> 0.054 | Z60: =H61 -> 0.027 | AA60: =H62 -> 0.018 | AB60: =H63 -> 0.027 | AC60: =1000000*(O60*Q60*S60)^(1/3)/(I60+0.5*J60+240*K60) -> 4389.2512 | AE60: SW rate | AF60: 0 | AG60: 0.12 | AH60: 0.21 | AI60: 0.26 | AJ60: 0.28 | AK60: 0.26 | AL60: 0.21 | AM60: 0.12 | AN60: 0 | AO60: 0.12 | AP60: 0.21 | AQ60: 0.26 | AR60: 0.28 | AS60: 0.26 | AT60: 0.21 | AU60: 0.12 | AV60: 0 | AW60: 0.12 | AX60: 0.21 | AY60: 0.26 | AZ60: 0.28 | BA60: 0.26 | BB60: 0.21 | BC60: 0.12 | BD60: 0 | BE60: 0.12 | BF60: 0.21 | BG60: 0.26 | BH60: 0.28 | BI60: 0.26 | BJ60: 0.21 | BK60: 0.12 | BL60: 0 | BM60: 0.12 | BN60: 0.21 | BO60: 0.26 | BP60: 0.28 | BQ60: 0.26 | BR60: 0.21 | BS60: 0.12 | BT60: 0 | BU60: 0.12 | BV60: 0.21 | BW60: 0.26 | BX60: 0.28 | BY60: 0.26 | BZ60: 0.21 | CA60: 0.12 | CB60: 0 | CC60: 0.12 | CD60: 0.21 | CE60: 0.26 | CF60: 0.28 | CG60: 0.26 | CH60: 0.21 | CI60: 0.12 | CJ60: 0 | CK60: 0.12 | CL60: 0.21 | CM60: 0.26 | CN60: 0.28 | CO60: 0.26 | CP60: 0.21 | CQ60: 0.12
C61: M2no1 | D61: tb_swzr | E61: 0.26 | F61: 0.152 | G61: 0.108 | H61: 0.027 | I61: 4542 | J61: 3821 | K61: 56 | L61: 5350 | M61: 5775 | N61: 72 | O61: 86 | P61: 87.5 | Q61: 90 | R61: 50 | S61: 86 | T61: 0 | U61: 1.653 | V61: 0.079 | W61: 4.02 | X61: =H59 -> 0.024 | Y61: =H60 -> 0.054 | Z61: =H61 -> 0.027 | AA61: =H62 -> 0.018 | AB61: =H63 -> 0.027 | AC61: =1000000*(O61*Q61*S61)^(1/3)/(I61+0.5*J61+240*K61) -> 4389.2512
C62: M2no1 | D62: tb_zrnz | E62: 0.25 | F62: 0.142 | G62: 0.108 | H62: 0.018 | I62: 4542 | J62: 3821 | K62: 56 | L62: 5350 | M62: 5775 | N62: 72 | O62: 86 | P62: 87.5 | Q62: 90 | R62: 50 | S62: 86 | T62: 0 | U62: 1.653 | V62: 0.079 | W62: 4.02 | X62: =H59 -> 0.024 | Y62: =H60 -> 0.054 | Z62: =H61 -> 0.027 | AA62: =H62 -> 0.018 | AB62: =H63 -> 0.027 | AC62: =1000000*(O62*Q62*S62)^(1/3)/(I62+0.5*J62+240*K62) -> 4389.2512 | AE62: ZR rate | AF62: 0 | AG62: 0.065 | AH62: 0.145 | AI62: 0.245 | AJ62: 0.36 | AK62: 0.395 | AL62: 0.645 | AM62: 0.815 | AN62: 0 | AO62: 0.065 | AP62: 0.145 | AQ62: 0.245 | AR62: 0.36 | AS62: 0.395 | AT62: 0.645 | AU62: 0.815 | AV62: 0 | AW62: 0.065 | AX62: 0.145 | AY62: 0.245 | AZ62: 0.36 | BA62: 0.395 | BB62: 0.645 | BC62: 0.815 | BD62: 0 | BE62: 0.065 | BF62: 0.145 | BG62: 0.245 | BH62: 0.36 | BI62: 0.395 | BJ62: 0.645 | BK62: 0.815 | BL62: 0 | BM62: 0.065 | BN62: 0.145 | BO62: 0.245 | BP62: 0.36 | BQ62: 0.395 | BR62: 0.645 | BS62: 0.815 | BT62: 0 | BU62: 0.065 | BV62: 0.145 | BW62: 0.245 | BX62: 0.36 | BY62: 0.395 | BZ62: 0.645 | CA62: 0.815 | CB62: 0 | CC62: 0.065 | CD62: 0.145 | CE62: 0.245 | CF62: 0.36 | CG62: 0.395 | CH62: 0.645 | CI62: 0.815 | CJ62: 0 | CK62: 0.065 | CL62: 0.145 | CM62: 0.245 | CN62: 0.36 | CO62: 0.395 | CP62: 0.645 | CQ62: 0.815
C63: M2no1 | D63: tb_zrzr | E63: 0.26 | F63: 0.152 | G63: 0.108 | H63: 0.027 | I63: 4542 | J63: 3821 | K63: 56 | L63: 5350 | M63: 5775 | N63: 72 | O63: 86 | P63: 87.5 | Q63: 90 | R63: 50 | S63: 86 | T63: =(N58*O58*P58*Q58*R58*S58)/(I58*J58*K58*(F58*H58 + F59*H59 + F60*H60 + F61*H61 + F62*H62 + F63*H63)) -> 6522.2663 | U63: 1.653 | V63: 0.079 | W63: 4.02 | X63: =H59 -> 0.024 | Y63: =H60 -> 0.054 | Z63: =H61 -> 0.027 | AA63: =H62 -> 0.018 | AB63: =H63 -> 0.027 | AC63: =1000000*(O63*Q63*S63)^(1/3)/(I63+0.5*J63+240*K63) -> 4389.2512 | AE63: Score | AF63: =($O63*$Q63*$S63)^(1/3)/(AF58*((1-AF$2)*$H58+AF$2*$H59) + AF60*((1-AF$2)*$H60+AF$2*$H61) + AF62*((1-AF$2)*$H62+AF$2*$H63)) -> 1819.0246 | AG63: =($O63*$Q63*$S63)^(1/3)/(AG58*((1-AG$2)*$H58+AG$2*$H59) + AG60*((1-AG$2)*$H60+AG$2*$H61) + AG62*((1-AG$2)*$H62+AG$2*$H63)) -> 1866.8629 | AH63: =($O63*$Q63*$S63)^(1/3)/(AH58*((1-AH$2)*$H58+AH$2*$H59) + AH60*((1-AH$2)*$H60+AH$2*$H61) + AH62*((1-AH$2)*$H62+AH$2*$H63)) -> 1944.1812 | AI63: =($O63*$Q63*$S63)^(1/3)/(AI58*((1-AI$2)*$H58+AI$2*$H59) + AI60*((1-AI$2)*$H60+AI$2*$H61) + AI62*((1-AI$2)*$H62+AI$2*$H63)) -> 2333.9529 | AJ63: =($O63*$Q63*$S63)^(1/3)/(AJ58*((1-AJ$2)*$H58+AJ$2*$H59) + AJ60*((1-AJ$2)*$H60+AJ$2*$H61) + AJ62*((1-AJ$2)*$H62+AJ$2*$H63)) -> 2245.7094 | AK63: =($O63*$Q63*$S63)^(1/3)/(AK58*((1-AK$2)*$H58+AK$2*$H59) + AK60*((1-AK$2)*$H60+AK$2*$H61) + AK62*((1-AK$2)*$H62+AK$2*$H63)) -> 2653.0896 | AL63: =($O63*$Q63*$S63)^(1/3)/(AL58*((1-AL$2)*$H58+AL$2*$H59) + AL60*((1-AL$2)*$H60+AL$2*$H61) + AL62*((1-AL$2)*$H62+AL$2*$H63)) -> 2919.1969 | AM63: =($O63*$Q63*$S63)^(1/3)/(AM58*((1-AM$2)*$H58+AM$2*$H59) + AM60*((1-AM$2)*$H60+AM$2*$H61) + AM62*((1-AM$2)*$H62+AM$2*$H63)) -> 3597.5764 | ... CQ63: =($O63*$Q63*$S63)^(1/3)/(CQ58*((1-CQ$2)*$H58+CQ$2*$H59) + CQ60*((1-CQ$2)*$H60+CQ$2*$H61) + CQ62*((1-CQ$2)*$H62+CQ$2*$H63)) -> 3296.3141 | CS63: =100*$AF63/AF63 -> 100 | CT63: =100*$AF63/AG63 -> 97.4375 | CU63: =100*$AF63/AH63 -> 93.5625 | CV63: =100*$AF63/AI63 -> 77.9375 | CW63: =100*$AF63/AJ63 -> 81 | CX63: =100*$AF63/AK63 -> 68.5625 | CY63: =100*$AF63/AL63 -> 62.3125 | CZ63: =100*$AF63/AM63 -> 50.5625 | ... FD63: =100*$AF63/CQ63 -> 55.183594
C64: M2no2 | D64: tb_nznz | E64: 0.289 | F64: 0.181 | G64: 0.108 | H64: 0.048 | I64: 4354 | J64: 3885 | K64: 56 | L64: 5159 | M64: 5839 | N64: 72 | O64: 86 | P64: 87.5 | Q64: 90 | R64: 50 | S64: 86 | T64: 0 | U64: 1.211 | V64: 0.081 | W64: 4.02 | X64: =H65 -> 0.019 | Y64: =H66 -> 0.055 | Z64: =H67 -> 0.02 | AA64: =H68 -> 0.02 | AB64: =H69 -> 0.02 | AC64: =1000000*(O64*Q64*S64)^(1/3)/(I64+0.5*J64+240*K64) -> 4423.9444 | AE64: NZ rate | AF64: 1 | AG64: 0.815 | AH64: 0.645 | AI64: 0.395 | AJ64: 0.36 | AK64: 0.245 | AL64: 0.145 | AM64: 0.065 | AN64: 1 | AO64: 0.815 | AP64: 0.645 | AQ64: 0.395 | AR64: 0.36 | AS64: 0.245 | AT64: 0.145 | AU64: 0.065 | AV64: 1 | AW64: 0.815 | AX64: 0.645 | AY64: 0.395 | AZ64: 0.36 | BA64: 0.245 | BB64: 0.145 | BC64: 0.065 | BD64: 1 | BE64: 0.815 | BF64: 0.645 | BG64: 0.395 | BH64: 0.36 | BI64: 0.245 | BJ64: 0.145 | BK64: 0.065 | BL64: 1 | BM64: 0.815 | BN64: 0.645 | BO64: 0.395 | BP64: 0.36 | BQ64: 0.245 | BR64: 0.145 | BS64: 0.065 | BT64: 1 | BU64: 0.815 | BV64: 0.645 | BW64: 0.395 | BX64: 0.36 | BY64: 0.245 | BZ64: 0.145 | CA64: 0.065 | CB64: 1 | CC64: 0.815 | CD64: 0.645 | CE64: 0.395 | CF64: 0.36 | CG64: 0.245 | CH64: 0.145 | CI64: 0.065 | CJ64: 1 | CK64: 0.815 | CL64: 0.645 | CM64: 0.395 | CN64: 0.36 | CO64: 0.245 | CP64: 0.145 | CQ64: 0.065
C65: M2no2 | D65: tb_nzzr | E65: 0.252 | F65: 0.144 | G65: 0.108 | H65: 0.019 | I65: 4354 | J65: 3885 | K65: 56 | L65: 5159 | M65: 5839 | N65: 72 | O65: 86 | P65: 87.5 | Q65: 90 | R65: 50 | S65: 86 | T65: 0 | U65: 1.211 | V65: 0.081 | W65: 4.02 | X65: =H65 -> 0.019 | Y65: =H66 -> 0.055 | Z65: =H67 -> 0.02 | AA65: =H68 -> 0.02 | AB65: =H69 -> 0.02 | AC65: =1000000*(O65*Q65*S65)^(1/3)/(I65+0.5*J65+240*K65) -> 4423.9444
C66: M2no2 | D66: tb_swnz | E66: 0.296 | F66: 0.188 | G66: 0.109 | H66: 0.055 | I66: 4354 | J66: 3885 | K66: 56 | L66: 5159 | M66: 5839 | N66: 72 | O66: 86 | P66: 87.5 | Q66: 90 | R66: 50 | S66: 86 | T66: 0 | U66: 1.211 | V66: 0.081 | W66: 4.02 | X66: =H65 -> 0.019 | Y66: =H66 -> 0.055 | Z66: =H67 -> 0.02 | AA66: =H68 -> 0.02 | AB66: =H69 -> 0.02 | AC66: =1000000*(O66*Q66*S66)^(1/3)/(I66+0.5*J66+240*K66) -> 4423.9444 | AE66: SW rate | AF66: 0 | AG66: 0.12 | AH66: 0.21 | AI66: 0.26 | AJ66: 0.28 | AK66: 0.26 | AL66: 0.21 | AM66: 0.12 | AN66: 0 | AO66: 0.12 | AP66: 0.21 | AQ66: 0.26 | AR66: 0.28 | AS66: 0.26 | AT66: 0.21 | AU66: 0.12 | AV66: 0 | AW66: 0.12 | AX66: 0.21 | AY66: 0.26 | AZ66: 0.28 | BA66: 0.26 | BB66: 0.21 | BC66: 0.12 | BD66: 0 | BE66: 0.12 | BF66: 0.21 | BG66: 0.26 | BH66: 0.28 | BI66: 0.26 | BJ66: 0.21 | BK66: 0.12 | BL66: 0 | BM66: 0.12 | BN66: 0.21 | BO66: 0.26 | BP66: 0.28 | BQ66: 0.26 | BR66: 0.21 | BS66: 0.12 | BT66: 0 | BU66: 0.12 | BV66: 0.21 | BW66: 0.26 | BX66: 0.28 | BY66: 0.26 | BZ66: 0.21 | CA66: 0.12 | CB66: 0 | CC66: 0.12 | CD66: 0.21 | CE66: 0.26 | CF66: 0.28 | CG66: 0.26 | CH66: 0.21 | CI66: 0.12 | CJ66: 0 | CK66: 0.12 | CL66: 0.21 | CM66: 0.26 | CN66: 0.28 | CO66: 0.26 | CP66: 0.21 | CQ66: 0.12
C67: M2no2 | D67: tb_swzr | E67: 0.253 | F67: 0.145 | G67: 0.108 | H67: 0.02 | I67: 4354 | J67: 3885 | K67: 56 | L67: 5159 | M67: 5839 | N67: 72 | O67: 86 | P67: 87.5 | Q67: 90 | R67: 50 | S67: 86 | T67: 0 | U67: 1.211 | V67: 0.081 | W67: 4.02 | X67: =H65 -> 0.019 | Y67: =H66 -> 0.055 | Z67: =H67 -> 0.02 | AA67: =H68 -> 0.02 | AB67: =H69 -> 0.02 | AC67: =1000000*(O67*Q67*S67)^(1/3)/(I67+0.5*J67+240*K67) -> 4423.9444
C68: M2no2 | D68: tb_zrnz | E68: 0.252 | F68: 0.144 | G68: 0.108 | H68: 0.02 | I68: 4354 | J68: 3885 | K68: 56 | L68: 5159 | M68: 5839 | N68: 72 | O68: 86 | P68: 87.5 | Q68: 90 | R68: 50 | S68: 86 | T68: 0 | U68: 1.211 | V68: 0.081 | W68: 4.02 | X68: =H65 -> 0.019 | Y68: =H66 -> 0.055 | Z68: =H67 -> 0.02 | AA68: =H68 -> 0.02 | AB68: =H69 -> 0.02 | AC68: =1000000*(O68*Q68*S68)^(1/3)/(I68+0.5*J68+240*K68) -> 4423.9444 | AE68: ZR rate | AF68: 0 | AG68: 0.065 | AH68: 0.145 | AI68: 0.245 | AJ68: 0.36 | AK68: 0.395 | AL68: 0.645 | AM68: 0.815 | AN68: 0 | AO68: 0.065 | AP68: 0.145 | AQ68: 0.245 | AR68: 0.36 | AS68: 0.395 | AT68: 0.645 | AU68: 0.815 | AV68: 0 | AW68: 0.065 | AX68: 0.145 | AY68: 0.245 | AZ68: 0.36 | BA68: 0.395 | BB68: 0.645 | BC68: 0.815 | BD68: 0 | BE68: 0.065 | BF68: 0.145 | BG68: 0.245 | BH68: 0.36 | BI68: 0.395 | BJ68: 0.645 | BK68: 0.815 | BL68: 0 | BM68: 0.065 | BN68: 0.145 | BO68: 0.245 | BP68: 0.36 | BQ68: 0.395 | BR68: 0.645 | BS68: 0.815 | BT68: 0 | BU68: 0.065 | BV68: 0.145 | BW68: 0.245 | BX68: 0.36 | BY68: 0.395 | BZ68: 0.645 | CA68: 0.815 | CB68: 0 | CC68: 0.065 | CD68: 0.145 | CE68: 0.245 | CF68: 0.36 | CG68: 0.395 | CH68: 0.645 | CI68: 0.815 | CJ68: 0 | CK68: 0.065 | CL68: 0.145 | CM68: 0.245 | CN68: 0.36 | CO68: 0.395 | CP68: 0.645 | CQ68: 0.815
C69: M2no2 | D69: tb_zrzr | E69: 0.253 | F69: 0.145 | G69: 0.108 | H69: 0.02 | I69: 4354 | J69: 3885 | K69: 56 | L69: 5159 | M69: 5839 | N69: 72 | O69: 86 | P69: 87.5 | Q69: 90 | R69: 50 | S69: 86 | T69: =(N64*O64*P64*Q64*R64*S64)/(I64*J64*K64*(F64*H64 + F65*H65 + F66*H66 + F67*H67 + F68*H68 + F69*H69)) -> 7270.7762 | U69: 1.211 | V69: 0.081 | W69: 4.02 | X69: =H65 -> 0.019 | Y69: =H66 -> 0.055 | Z69: =H67 -> 0.02 | AA69: =H68 -> 0.02 | AB69: =H69 -> 0.02 | AC69: =1000000*(O69*Q69*S69)^(1/3)/(I69+0.5*J69+240*K69) -> 4423.9444 | AE69: Score | AF69: =($O69*$Q69*$S69)^(1/3)/(AF64*((1-AF$2)*$H64+AF$2*$H65) + AF66*((1-AF$2)*$H66+AF$2*$H67) + AF68*((1-AF$2)*$H68+AF$2*$H69)) -> 1819.0246 | AG69: =($O69*$Q69*$S69)^(1/3)/(AG64*((1-AG$2)*$H64+AG$2*$H65) + AG66*((1-AG$2)*$H66+AG$2*$H67) + AG68*((1-AG$2)*$H68+AG$2*$H69)) -> 1856.937 | AH69: =($O69*$Q69*$S69)^(1/3)/(AH64*((1-AH$2)*$H64+AH$2*$H65) + AH66*((1-AH$2)*$H66+AH$2*$H67) + AH68*((1-AH$2)*$H68+AH$2*$H69)) -> 1922.7743 | AI69: =($O69*$Q69*$S69)^(1/3)/(AI64*((1-AI$2)*$H64+AI$2*$H65) + AI66*((1-AI$2)*$H66+AI$2*$H67) + AI68*((1-AI$2)*$H68+AI$2*$H69)) -> 2288.0812 | AJ69: =($O69*$Q69*$S69)^(1/3)/(AJ64*((1-AJ$2)*$H64+AJ$2*$H65) + AJ66*((1-AJ$2)*$H66+AJ$2*$H67) + AJ68*((1-AJ$2)*$H68+AJ$2*$H69)) -> 2189.3977 | AK69: =($O69*$Q69*$S69)^(1/3)/(AK64*((1-AK$2)*$H64+AK$2*$H65) + AK66*((1-AK$2)*$H66+AK$2*$H67) + AK68*((1-AK$2)*$H68+AK$2*$H69)) -> 2571.0595 | AL69: =($O69*$Q69*$S69)^(1/3)/(AL64*((1-AL$2)*$H64+AL$2*$H65) + AL66*((1-AL$2)*$H66+AL$2*$H67) + AL68*((1-AL$2)*$H68+AL$2*$H69)) -> 2779.7892 | AM69: =($O69*$Q69*$S69)^(1/3)/(AM64*((1-AM$2)*$H64+AM$2*$H65) + AM66*((1-AM$2)*$H66+AM$2*$H67) + AM68*((1-AM$2)*$H68+AM$2*$H69)) -> 3355.618 | ... CQ69: =($O69*$Q69*$S69)^(1/3)/(CQ64*((1-CQ$2)*$H64+CQ$2*$H65) + CQ66*((1-CQ$2)*$H66+CQ$2*$H67) + CQ68*((1-CQ$2)*$H68+CQ$2*$H69)) -> 4218.9197 | CS69: =100*$AF69/AF69 -> 100 | CT69: =100*$AF69/AG69 -> 97.958333 | CU69: =100*$AF69/AH69 -> 94.604167 | CV69: =100*$AF69/AI69 -> 79.5 | CW69: =100*$AF69/AJ69 -> 83.083333 | CX69: =100*$AF69/AK69 -> 70.75 | CY69: =100*$AF69/AL69 -> 65.4375 | CZ69: =100*$AF69/AM69 -> 54.208333 | ... FD69: =100*$AF69/CQ69 -> 43.115885
C70: M2no3 | D70: tb_nznz | E70: 0.289 | F70: 0.181 | G70: 0.108 | H70: 0.048 | I70: 4352 | J70: 4005 | K70: 56 | L70: 5159 | M70: 5959 | N70: 72 | O70: 86 | P70: 87.5 | Q70: 90 | R70: 50 | S70: 86 | T70: 0 | U70: 1.974 | V70: 0.065 | W70: 4.02 | X70: =H71 -> 0.019 | Y70: =H72 -> 0.055 | Z70: =H73 -> 0.02 | AA70: =H74 -> 0.02 | AB70: =H75 -> 0.02 | AC70: =1000000*(O70*Q70*S70)^(1/3)/(I70+0.5*J70+240*K70) -> 4410.9818 | AE70: NZ rate | AF70: 1 | AG70: 0.815 | AH70: 0.645 | AI70: 0.395 | AJ70: 0.36 | AK70: 0.245 | AL70: 0.145 | AM70: 0.065 | AN70: 1 | AO70: 0.815 | AP70: 0.645 | AQ70: 0.395 | AR70: 0.36 | AS70: 0.245 | AT70: 0.145 | AU70: 0.065 | AV70: 1 | AW70: 0.815 | AX70: 0.645 | AY70: 0.395 | AZ70: 0.36 | BA70: 0.245 | BB70: 0.145 | BC70: 0.065 | BD70: 1 | BE70: 0.815 | BF70: 0.645 | BG70: 0.395 | BH70: 0.36 | BI70: 0.245 | BJ70: 0.145 | BK70: 0.065 | BL70: 1 | BM70: 0.815 | BN70: 0.645 | BO70: 0.395 | BP70: 0.36 | BQ70: 0.245 | BR70: 0.145 | BS70: 0.065 | BT70: 1 | BU70: 0.815 | BV70: 0.645 | BW70: 0.395 | BX70: 0.36 | BY70: 0.245 | BZ70: 0.145 | CA70: 0.065 | CB70: 1 | CC70: 0.815 | CD70: 0.645 | CE70: 0.395 | CF70: 0.36 | CG70: 0.245 | CH70: 0.145 | CI70: 0.065 | CJ70: 1 | CK70: 0.815 | CL70: 0.645 | CM70: 0.395 | CN70: 0.36 | CO70: 0.245 | CP70: 0.145 | CQ70: 0.065
C71: M2no3 | D71: tb_nzzr | E71: 0.252 | F71: 0.144 | G71: 0.108 | H71: 0.019 | I71: 4352 | J71: 4005 | K71: 56 | L71: 5159 | M71: 5959 | N71: 72 | O71: 86 | P71: 87.5 | Q71: 90 | R71: 50 | S71: 86 | T71: 0 | U71: 1.974 | V71: 0.065 | W71: 4.02 | X71: =H71 -> 0.019 | Y71: =H72 -> 0.055 | Z71: =H73 -> 0.02 | AA71: =H74 -> 0.02 | AB71: =H75 -> 0.02 | AC71: =1000000*(O71*Q71*S71)^(1/3)/(I71+0.5*J71+240*K71) -> 4410.9818
C72: M2no3 | D72: tb_swnz | E72: 0.297 | F72: 0.188 | G72: 0.109 | H72: 0.055 | I72: 4352 | J72: 4005 | K72: 56 | L72: 5159 | M72: 5959 | N72: 72 | O72: 86 | P72: 87.5 | Q72: 90 | R72: 50 | S72: 86 | T72: 0 | U72: 1.974 | V72: 0.065 | W72: 4.02 | X72: =H71 -> 0.019 | Y72: =H72 -> 0.055 | Z72: =H73 -> 0.02 | AA72: =H74 -> 0.02 | AB72: =H75 -> 0.02 | AC72: =1000000*(O72*Q72*S72)^(1/3)/(I72+0.5*J72+240*K72) -> 4410.9818 | AE72: SW rate | AF72: 0 | AG72: 0.12 | AH72: 0.21 | AI72: 0.26 | AJ72: 0.28 | AK72: 0.26 | AL72: 0.21 | AM72: 0.12 | AN72: 0 | AO72: 0.12 | AP72: 0.21 | AQ72: 0.26 | AR72: 0.28 | AS72: 0.26 | AT72: 0.21 | AU72: 0.12 | AV72: 0 | AW72: 0.12 | AX72: 0.21 | AY72: 0.26 | AZ72: 0.28 | BA72: 0.26 | BB72: 0.21 | BC72: 0.12 | BD72: 0 | BE72: 0.12 | BF72: 0.21 | BG72: 0.26 | BH72: 0.28 | BI72: 0.26 | BJ72: 0.21 | BK72: 0.12 | BL72: 0 | BM72: 0.12 | BN72: 0.21 | BO72: 0.26 | BP72: 0.28 | BQ72: 0.26 | BR72: 0.21 | BS72: 0.12 | BT72: 0 | BU72: 0.12 | BV72: 0.21 | BW72: 0.26 | BX72: 0.28 | BY72: 0.26 | BZ72: 0.21 | CA72: 0.12 | CB72: 0 | CC72: 0.12 | CD72: 0.21 | CE72: 0.26 | CF72: 0.28 | CG72: 0.26 | CH72: 0.21 | CI72: 0.12 | CJ72: 0 | CK72: 0.12 | CL72: 0.21 | CM72: 0.26 | CN72: 0.28 | CO72: 0.26 | CP72: 0.21 | CQ72: 0.12
C73: M2no3 | D73: tb_swzr | E73: 0.253 | F73: 0.145 | G73: 0.108 | H73: 0.02 | I73: 4352 | J73: 4005 | K73: 56 | L73: 5159 | M73: 5959 | N73: 72 | O73: 86 | P73: 87.5 | Q73: 90 | R73: 50 | S73: 86 | T73: 0 | U73: 1.974 | V73: 0.065 | W73: 4.02 | X73: =H71 -> 0.019 | Y73: =H72 -> 0.055 | Z73: =H73 -> 0.02 | AA73: =H74 -> 0.02 | AB73: =H75 -> 0.02 | AC73: =1000000*(O73*Q73*S73)^(1/3)/(I73+0.5*J73+240*K73) -> 4410.9818
C74: M2no3 | D74: tb_zrnz | E74: 0.253 | F74: 0.145 | G74: 0.108 | H74: 0.02 | I74: 4352 | J74: 4005 | K74: 56 | L74: 5159 | M74: 5959 | N74: 72 | O74: 86 | P74: 87.5 | Q74: 90 | R74: 50 | S74: 86 | T74: 0 | U74: 1.974 | V74: 0.065 | W74: 4.02 | X74: =H71 -> 0.019 | Y74: =H72 -> 0.055 | Z74: =H73 -> 0.02 | AA74: =H74 -> 0.02 | AB74: =H75 -> 0.02 | AC74: =1000000*(O74*Q74*S74)^(1/3)/(I74+0.5*J74+240*K74) -> 4410.9818 | AE74: ZR rate | AF74: 0 | AG74: 0.065 | AH74: 0.145 | AI74: 0.245 | AJ74: 0.36 | AK74: 0.395 | AL74: 0.645 | AM74: 0.815 | AN74: 0 | AO74: 0.065 | AP74: 0.145 | AQ74: 0.245 | AR74: 0.36 | AS74: 0.395 | AT74: 0.645 | AU74: 0.815 | AV74: 0 | AW74: 0.065 | AX74: 0.145 | AY74: 0.245 | AZ74: 0.36 | BA74: 0.395 | BB74: 0.645 | BC74: 0.815 | BD74: 0 | BE74: 0.065 | BF74: 0.145 | BG74: 0.245 | BH74: 0.36 | BI74: 0.395 | BJ74: 0.645 | BK74: 0.815 | BL74: 0 | BM74: 0.065 | BN74: 0.145 | BO74: 0.245 | BP74: 0.36 | BQ74: 0.395 | BR74: 0.645 | BS74: 0.815 | BT74: 0 | BU74: 0.065 | BV74: 0.145 | BW74: 0.245 | BX74: 0.36 | BY74: 0.395 | BZ74: 0.645 | CA74: 0.815 | CB74: 0 | CC74: 0.065 | CD74: 0.145 | CE74: 0.245 | CF74: 0.36 | CG74: 0.395 | CH74: 0.645 | CI74: 0.815 | CJ74: 0 | CK74: 0.065 | CL74: 0.145 | CM74: 0.245 | CN74: 0.36 | CO74: 0.395 | CP74: 0.645 | CQ74: 0.815
C75: M2no3 | D75: tb_zrzr | E75: 0.253 | F75: 0.145 | G75: 0.108 | H75: 0.02 | I75: 4352 | J75: 4005 | K75: 56 | L75: 5159 | M75: 5959 | N75: 72 | O75: 86 | P75: 87.5 | Q75: 90 | R75: 50 | S75: 86 | T75: =(N70*O70*P70*Q70*R70*S70)/(I70*J70*K70*(F70*H70 + F71*H71 + F72*H72 + F73*H73 + F74*H74 + F75*H75)) -> 7051.534 | U75: 1.974 | V75: 0.065 | W75: 4.02 | X75: =H71 -> 0.019 | Y75: =H72 -> 0.055 | Z75: =H73 -> 0.02 | AA75: =H74 -> 0.02 | AB75: =H75 -> 0.02 | AC75: =1000000*(O75*Q75*S75)^(1/3)/(I75+0.5*J75+240*K75) -> 4410.9818 | AE75: Score | AF75: =($O75*$Q75*$S75)^(1/3)/(AF70*((1-AF$2)*$H70+AF$2*$H71) + AF72*((1-AF$2)*$H72+AF$2*$H73) + AF74*((1-AF$2)*$H74+AF$2*$H75)) -> 1819.0246 | AG75: =($O75*$Q75*$S75)^(1/3)/(AG70*((1-AG$2)*$H70+AG$2*$H71) + AG72*((1-AG$2)*$H72+AG$2*$H73) + AG74*((1-AG$2)*$H74+AG$2*$H75)) -> 1856.937 | AH75: =($O75*$Q75*$S75)^(1/3)/(AH70*((1-AH$2)*$H70+AH$2*$H71) + AH72*((1-AH$2)*$H72+AH$2*$H73) + AH74*((1-AH$2)*$H74+AH$2*$H75)) -> 1922.7743 | AI75: =($O75*$Q75*$S75)^(1/3)/(AI70*((1-AI$2)*$H70+AI$2*$H71) + AI72*((1-AI$2)*$H72+AI$2*$H73) + AI74*((1-AI$2)*$H74+AI$2*$H75)) -> 2288.0812 | AJ75: =($O75*$Q75*$S75)^(1/3)/(AJ70*((1-AJ$2)*$H70+AJ$2*$H71) + AJ72*((1-AJ$2)*$H72+AJ$2*$H73) + AJ74*((1-AJ$2)*$H74+AJ$2*$H75)) -> 2189.3977 | AK75: =($O75*$Q75*$S75)^(1/3)/(AK70*((1-AK$2)*$H70+AK$2*$H71) + AK72*((1-AK$2)*$H72+AK$2*$H73) + AK74*((1-AK$2)*$H74+AK$2*$H75)) -> 2571.0595 | AL75: =($O75*$Q75*$S75)^(1/3)/(AL70*((1-AL$2)*$H70+AL$2*$H71) + AL72*((1-AL$2)*$H72+AL$2*$H73) + AL74*((1-AL$2)*$H74+AL$2*$H75)) -> 2779.7892 | AM75: =($O75*$Q75*$S75)^(1/3)/(AM70*((1-AM$2)*$H70+AM$2*$H71) + AM72*((1-AM$2)*$H72+AM$2*$H73) + AM74*((1-AM$2)*$H74+AM$2*$H75)) -> 3355.618 | ... CQ75: =($O75*$Q75*$S75)^(1/3)/(CQ70*((1-CQ$2)*$H70+CQ$2*$H71) + CQ72*((1-CQ$2)*$H72+CQ$2*$H73) + CQ74*((1-CQ$2)*$H74+CQ$2*$H75)) -> 4218.9197 | CS75: =100*$AF75/AF75 -> 100 | CT75: =100*$AF75/AG75 -> 97.958333 | CU75: =100*$AF75/AH75 -> 94.604167 | CV75: =100*$AF75/AI75 -> 79.5 | CW75: =100*$AF75/AJ75 -> 83.083333 | CX75: =100*$AF75/AK75 -> 70.75 | CY75: =100*$AF75/AL75 -> 65.4375 | CZ75: =100*$AF75/AM75 -> 54.208333 | ... FD75: =100*$AF75/CQ75 -> 43.115885
C76: M2no4 | D76: tb_nznz | E76: 0.29 | F76: 0.182 | G76: 0.108 | H76: 0.049 | I76: 4289 | J76: 3885 | K76: 56 | L76: 5096 | M76: 5839 | N76: 72 | O76: 86 | P76: 87.5 | Q76: 90 | R76: 50 | S76: 86 | T76: 0 | U76: 1.995 | V76: 0.078 | W76: 4.02 | X76: =H77 -> 0.026 | Y76: =H78 -> 0.044 | Z76: =H79 -> 0.026 | AA76: =H80 -> 0.018 | AB76: =H81 -> 0.026 | AC76: =1000000*(O76*Q76*S76)^(1/3)/(I76+0.5*J76+240*K76) -> 4438.5624 | AE76: NZ rate | AF76: 1 | AG76: 0.815 | AH76: 0.645 | AI76: 0.395 | AJ76: 0.36 | AK76: 0.245 | AL76: 0.145 | AM76: 0.065 | AN76: 1 | AO76: 0.815 | AP76: 0.645 | AQ76: 0.395 | AR76: 0.36 | AS76: 0.245 | AT76: 0.145 | AU76: 0.065 | AV76: 1 | AW76: 0.815 | AX76: 0.645 | AY76: 0.395 | AZ76: 0.36 | BA76: 0.245 | BB76: 0.145 | BC76: 0.065 | BD76: 1 | BE76: 0.815 | BF76: 0.645 | BG76: 0.395 | BH76: 0.36 | BI76: 0.245 | BJ76: 0.145 | BK76: 0.065 | BL76: 1 | BM76: 0.815 | BN76: 0.645 | BO76: 0.395 | BP76: 0.36 | BQ76: 0.245 | BR76: 0.145 | BS76: 0.065 | BT76: 1 | BU76: 0.815 | BV76: 0.645 | BW76: 0.395 | BX76: 0.36 | BY76: 0.245 | BZ76: 0.145 | CA76: 0.065 | CB76: 1 | CC76: 0.815 | CD76: 0.645 | CE76: 0.395 | CF76: 0.36 | CG76: 0.245 | CH76: 0.145 | CI76: 0.065 | CJ76: 1 | CK76: 0.815 | CL76: 0.645 | CM76: 0.395 | CN76: 0.36 | CO76: 0.245 | CP76: 0.145 | CQ76: 0.065
C77: M2no4 | D77: tb_nzzr | E77: 0.26 | F77: 0.152 | G77: 0.108 | H77: 0.026 | I77: 4289 | J77: 3885 | K77: 56 | L77: 5096 | M77: 5839 | N77: 72 | O77: 86 | P77: 87.5 | Q77: 90 | R77: 50 | S77: 86 | T77: 0 | U77: 1.995 | V77: 0.078 | W77: 4.02 | X77: =H77 -> 0.026 | Y77: =H78 -> 0.044 | Z77: =H79 -> 0.026 | AA77: =H80 -> 0.018 | AB77: =H81 -> 0.026 | AC77: =1000000*(O77*Q77*S77)^(1/3)/(I77+0.5*J77+240*K77) -> 4438.5624
C78: M2no4 | D78: tb_swnz | E78: 0.286 | F78: 0.178 | G78: 0.108 | H78: 0.044 | I78: 4289 | J78: 3885 | K78: 56 | L78: 5096 | M78: 5839 | N78: 72 | O78: 86 | P78: 87.5 | Q78: 90 | R78: 50 | S78: 86 | T78: 0 | U78: 1.995 | V78: 0.078 | W78: 4.02 | X78: =H77 -> 0.026 | Y78: =H78 -> 0.044 | Z78: =H79 -> 0.026 | AA78: =H80 -> 0.018 | AB78: =H81 -> 0.026 | AC78: =1000000*(O78*Q78*S78)^(1/3)/(I78+0.5*J78+240*K78) -> 4438.5624 | AE78: SW rate | AF78: 0 | AG78: 0.12 | AH78: 0.21 | AI78: 0.26 | AJ78: 0.28 | AK78: 0.26 | AL78: 0.21 | AM78: 0.12 | AN78: 0 | AO78: 0.12 | AP78: 0.21 | AQ78: 0.26 | AR78: 0.28 | AS78: 0.26 | AT78: 0.21 | AU78: 0.12 | AV78: 0 | AW78: 0.12 | AX78: 0.21 | AY78: 0.26 | AZ78: 0.28 | BA78: 0.26 | BB78: 0.21 | BC78: 0.12 | BD78: 0 | BE78: 0.12 | BF78: 0.21 | BG78: 0.26 | BH78: 0.28 | BI78: 0.26 | BJ78: 0.21 | BK78: 0.12 | BL78: 0 | BM78: 0.12 | BN78: 0.21 | BO78: 0.26 | BP78: 0.28 | BQ78: 0.26 | BR78: 0.21 | BS78: 0.12 | BT78: 0 | BU78: 0.12 | BV78: 0.21 | BW78: 0.26 | BX78: 0.28 | BY78: 0.26 | BZ78: 0.21 | CA78: 0.12 | CB78: 0 | CC78: 0.12 | CD78: 0.21 | CE78: 0.26 | CF78: 0.28 | CG78: 0.26 | CH78: 0.21 | CI78: 0.12 | CJ78: 0 | CK78: 0.12 | CL78: 0.21 | CM78: 0.26 | CN78: 0.28 | CO78: 0.26 | CP78: 0.21 | CQ78: 0.12
C79: M2no4 | D79: tb_swzr | E79: 0.26 | F79: 0.152 | G79: 0.108 | H79: 0.026 | I79: 4289 | J79: 3885 | K79: 56 | L79: 5096 | M79: 5839 | N79: 72 | O79: 86 | P79: 87.5 | Q79: 90 | R79: 50 | S79: 86 | T79: 0 | U79: 1.995 | V79: 0.078 | W79: 4.02 | X79: =H77 -> 0.026 | Y79: =H78 -> 0.044 | Z79: =H79 -> 0.026 | AA79: =H80 -> 0.018 | AB79: =H81 -> 0.026 | AC79: =1000000*(O79*Q79*S79)^(1/3)/(I79+0.5*J79+240*K79) -> 4438.5624
C80: M2no4 | D80: tb_zrnz | E80: 0.251 | F80: 0.143 | G80: 0.108 | H80: 0.018 | I80: 4289 | J80: 3885 | K80: 56 | L80: 5096 | M80: 5839 | N80: 72 | O80: 86 | P80: 87.5 | Q80: 90 | R80: 50 | S80: 86 | T80: 0 | U80: 1.995 | V80: 0.078 | W80: 4.02 | X80: =H77 -> 0.026 | Y80: =H78 -> 0.044 | Z80: =H79 -> 0.026 | AA80: =H80 -> 0.018 | AB80: =H81 -> 0.026 | AC80: =1000000*(O80*Q80*S80)^(1/3)/(I80+0.5*J80+240*K80) -> 4438.5624 | AE80: ZR rate | AF80: 0 | AG80: 0.065 | AH80: 0.145 | AI80: 0.245 | AJ80: 0.36 | AK80: 0.395 | AL80: 0.645 | AM80: 0.815 | AN80: 0 | AO80: 0.065 | AP80: 0.145 | AQ80: 0.245 | AR80: 0.36 | AS80: 0.395 | AT80: 0.645 | AU80: 0.815 | AV80: 0 | AW80: 0.065 | AX80: 0.145 | AY80: 0.245 | AZ80: 0.36 | BA80: 0.395 | BB80: 0.645 | BC80: 0.815 | BD80: 0 | BE80: 0.065 | BF80: 0.145 | BG80: 0.245 | BH80: 0.36 | BI80: 0.395 | BJ80: 0.645 | BK80: 0.815 | BL80: 0 | BM80: 0.065 | BN80: 0.145 | BO80: 0.245 | BP80: 0.36 | BQ80: 0.395 | BR80: 0.645 | BS80: 0.815 | BT80: 0 | BU80: 0.065 | BV80: 0.145 | BW80: 0.245 | BX80: 0.36 | BY80: 0.395 | BZ80: 0.645 | CA80: 0.815 | CB80: 0 | CC80: 0.065 | CD80: 0.145 | CE80: 0.245 | CF80: 0.36 | CG80: 0.395 | CH80: 0.645 | CI80: 0.815 | CJ80: 0 | CK80: 0.065 | CL80: 0.145 | CM80: 0.245 | CN80: 0.36 | CO80: 0.395 | CP80: 0.645 | CQ80: 0.815
C81: M2no4 | D81: tb_zrzr | E81: 0.26 | F81: 0.152 | G81: 0.108 | H81: 0.026 | I81: 4289 | J81: 3885 | K81: 56 | L81: 5096 | M81: 5839 | N81: 72 | O81: 86 | P81: 87.5 | Q81: 90 | R81: 50 | S81: 86 | T81: =(N76*O76*P76*Q76*R76*S76)/(I76*J76*K76*(F76*H76 + F77*H77 + F78*H78 + F79*H79 + F80*H80 + F81*H81)) -> 7206.7384 | U81: 1.995 | V81: 0.078 | W81: 4.02 | X81: =H77 -> 0.026 | Y81: =H78 -> 0.044 | Z81: =H79 -> 0.026 | AA81: =H80 -> 0.018 | AB81: =H81 -> 0.026 | AC81: =1000000*(O81*Q81*S81)^(1/3)/(I81+0.5*J81+240*K81) -> 4438.5624 | AE81: Score | AF81: =($O81*$Q81*$S81)^(1/3)/(AF76*((1-AF$2)*$H76+AF$2*$H77) + AF78*((1-AF$2)*$H78+AF$2*$H79) + AF80*((1-AF$2)*$H80+AF$2*$H81)) -> 1781.9016 | AG81: =($O81*$Q81*$S81)^(1/3)/(AG76*((1-AG$2)*$H76+AG$2*$H77) + AG78*((1-AG$2)*$H78+AG$2*$H79) + AG80*((1-AG$2)*$H80+AG$2*$H81)) -> 1882.3581 | AH81: =($O81*$Q81*$S81)^(1/3)/(AH76*((1-AH$2)*$H76+AH$2*$H77) + AH78*((1-AH$2)*$H78+AH$2*$H79) + AH80*((1-AH$2)*$H80+AH$2*$H81)) -> 2009.2781 | AI81: =($O81*$Q81*$S81)^(1/3)/(AI76*((1-AI$2)*$H76+AI$2*$H77) + AI78*((1-AI$2)*$H78+AI$2*$H79) + AI80*((1-AI$2)*$H80+AI$2*$H81)) -> 2480.1358 | AJ81: =($O81*$Q81*$S81)^(1/3)/(AJ76*((1-AJ$2)*$H76+AJ$2*$H77) + AJ78*((1-AJ$2)*$H78+AJ$2*$H79) + AJ80*((1-AJ$2)*$H80+AJ$2*$H81)) -> 2396.0807 | AK81: =($O81*$Q81*$S81)^(1/3)/(AK76*((1-AK$2)*$H76+AK$2*$H77) + AK78*((1-AK$2)*$H78+AK$2*$H79) + AK80*((1-AK$2)*$H80+AK$2*$H81)) -> 2857.5742 | AL81: =($O81*$Q81*$S81)^(1/3)/(AL76*((1-AL$2)*$H76+AL$2*$H77) + AL78*((1-AL$2)*$H78+AL$2*$H79) + AL80*((1-AL$2)*$H80+AL$2*$H81)) -> 3123.3475 | AM81: =($O81*$Q81*$S81)^(1/3)/(AM76*((1-AM$2)*$H76+AM$2*$H77) + AM78*((1-AM$2)*$H78+AM$2*$H79) + AM80*((1-AM$2)*$H80+AM$2*$H81)) -> 3774.073 | ... CQ81: =($O81*$Q81*$S81)^(1/3)/(CQ76*((1-CQ$2)*$H76+CQ$2*$H77) + CQ78*((1-CQ$2)*$H78+CQ$2*$H79) + CQ80*((1-CQ$2)*$H80+CQ$2*$H81)) -> 3405.1012 | CS81: =100*$AF81/AF81 -> 100 | CT81: =100*$AF81/AG81 -> 94.663265 | CU81: =100*$AF81/AH81 -> 88.683673 | CV81: =100*$AF81/AI81 -> 71.846939 | CW81: =100*$AF81/AJ81 -> 74.367347 | CX81: =100*$AF81/AK81 -> 62.357143 | CY81: =100*$AF81/AL81 -> 57.05102 | CZ81: =100*$AF81/AM81 -> 47.214286 | ... FD81: =100*$AF81/CQ81 -> 52.330357
C82: M2no5 | D82: tb_nznz | E82: 0.288 | F82: 0.18 | G82: 0.108 | H82: 0.048 | I82: 4354 | J82: 3885 | K82: 56 | L82: 5160 | M82: 5839 | N82: 72 | O82: 86 | P82: 87.5 | Q82: 90 | R82: 50 | S82: 86 | T82: 0 | U82: 1.279 | V82: 0.059 | W82: 4.02 | X82: =H83 -> 0.019 | Y82: =H84 -> 0.043 | Z82: =H85 -> 0.019 | AA82: =H86 -> 0.017 | AB82: =H87 -> 0.019 | AC82: =1000000*(O82*Q82*S82)^(1/3)/(I82+0.5*J82+240*K82) -> 4423.9444 | AE82: NZ rate | AF82: 1 | AG82: 0.815 | AH82: 0.645 | AI82: 0.395 | AJ82: 0.36 | AK82: 0.245 | AL82: 0.145 | AM82: 0.065 | AN82: 1 | AO82: 0.815 | AP82: 0.645 | AQ82: 0.395 | AR82: 0.36 | AS82: 0.245 | AT82: 0.145 | AU82: 0.065 | AV82: 1 | AW82: 0.815 | AX82: 0.645 | AY82: 0.395 | AZ82: 0.36 | BA82: 0.245 | BB82: 0.145 | BC82: 0.065 | BD82: 1 | BE82: 0.815 | BF82: 0.645 | BG82: 0.395 | BH82: 0.36 | BI82: 0.245 | BJ82: 0.145 | BK82: 0.065 | BL82: 1 | BM82: 0.815 | BN82: 0.645 | BO82: 0.395 | BP82: 0.36 | BQ82: 0.245 | BR82: 0.145 | BS82: 0.065 | BT82: 1 | BU82: 0.815 | BV82: 0.645 | BW82: 0.395 | BX82: 0.36 | BY82: 0.245 | BZ82: 0.145 | CA82: 0.065 | CB82: 1 | CC82: 0.815 | CD82: 0.645 | CE82: 0.395 | CF82: 0.36 | CG82: 0.245 | CH82: 0.145 | CI82: 0.065 | CJ82: 1 | CK82: 0.815 | CL82: 0.645 | CM82: 0.395 | CN82: 0.36 | CO82: 0.245 | CP82: 0.145 | CQ82: 0.065
C83: M2no5 | D83: tb_nzzr | E83: 0.251 | F83: 0.143 | G83: 0.108 | H83: 0.019 | I83: 4354 | J83: 3885 | K83: 56 | L83: 5160 | M83: 5839 | N83: 72 | O83: 86 | P83: 87.5 | Q83: 90 | R83: 50 | S83: 86 | T83: 0 | U83: 1.279 | V83: 0.059 | W83: 4.02 | X83: =H83 -> 0.019 | Y83: =H84 -> 0.043 | Z83: =H85 -> 0.019 | AA83: =H86 -> 0.017 | AB83: =H87 -> 0.019 | AC83: =1000000*(O83*Q83*S83)^(1/3)/(I83+0.5*J83+240*K83) -> 4423.9444
C84: M2no5 | D84: tb_swnz | E84: 0.284 | F84: 0.176 | G84: 0.108 | H84: 0.043 | I84: 4354 | J84: 3885 | K84: 56 | L84: 5160 | M84: 5839 | N84: 72 | O84: 86 | P84: 87.5 | Q84: 90 | R84: 50 | S84: 86 | T84: 0 | U84: 1.279 | V84: 0.059 | W84: 4.02 | X84: =H83 -> 0.019 | Y84: =H84 -> 0.043 | Z84: =H85 -> 0.019 | AA84: =H86 -> 0.017 | AB84: =H87 -> 0.019 | AC84: =1000000*(O84*Q84*S84)^(1/3)/(I84+0.5*J84+240*K84) -> 4423.9444 | AE84: SW rate | AF84: 0 | AG84: 0.12 | AH84: 0.21 | AI84: 0.26 | AJ84: 0.28 | AK84: 0.26 | AL84: 0.21 | AM84: 0.12 | AN84: 0 | AO84: 0.12 | AP84: 0.21 | AQ84: 0.26 | AR84: 0.28 | AS84: 0.26 | AT84: 0.21 | AU84: 0.12 | AV84: 0 | AW84: 0.12 | AX84: 0.21 | AY84: 0.26 | AZ84: 0.28 | BA84: 0.26 | BB84: 0.21 | BC84: 0.12 | BD84: 0 | BE84: 0.12 | BF84: 0.21 | BG84: 0.26 | BH84: 0.28 | BI84: 0.26 | BJ84: 0.21 | BK84: 0.12 | BL84: 0 | BM84: 0.12 | BN84: 0.21 | BO84: 0.26 | BP84: 0.28 | BQ84: 0.26 | BR84: 0.21 | BS84: 0.12 | BT84: 0 | BU84: 0.12 | BV84: 0.21 | BW84: 0.26 | BX84: 0.28 | BY84: 0.26 | BZ84: 0.21 | CA84: 0.12 | CB84: 0 | CC84: 0.12 | CD84: 0.21 | CE84: 0.26 | CF84: 0.28 | CG84: 0.26 | CH84: 0.21 | CI84: 0.12 | CJ84: 0 | CK84: 0.12 | CL84: 0.21 | CM84: 0.26 | CN84: 0.28 | CO84: 0.26 | CP84: 0.21 | CQ84: 0.12
C85: M2no5 | D85: tb_swzr | E85: 0.252 | F85: 0.144 | G85: 0.108 | H85: 0.019 | I85: 4354 | J85: 3885 | K85: 56 | L85: 5160 | M85: 5839 | N85: 72 | O85: 86 | P85: 87.5 | Q85: 90 | R85: 50 | S85: 86 | T85: 0 | U85: 1.279 | V85: 0.059 | W85: 4.02 | X85: =H83 -> 0.019 | Y85: =H84 -> 0.043 | Z85: =H85 -> 0.019 | AA85: =H86 -> 0.017 | AB85: =H87 -> 0.019 | AC85: =1000000*(O85*Q85*S85)^(1/3)/(I85+0.5*J85+240*K85) -> 4423.9444
C86: M2no5 | D86: tb_zrnz | E86: 0.249 | F86: 0.142 | G86: 0.108 | H86: 0.017 | I86: 4354 | J86: 3885 | K86: 56 | L86: 5160 | M86: 5839 | N86: 72 | O86: 86 | P86: 87.5 | Q86: 90 | R86: 50 | S86: 86 | T86: 0 | U86: 1.279 | V86: 0.059 | W86: 4.02 | X86: =H83 -> 0.019 | Y86: =H84 -> 0.043 | Z86: =H85 -> 0.019 | AA86: =H86 -> 0.017 | AB86: =H87 -> 0.019 | AC86: =1000000*(O86*Q86*S86)^(1/3)/(I86+0.5*J86+240*K86) -> 4423.9444 | AE86: ZR rate | AF86: 0 | AG86: 0.065 | AH86: 0.145 | AI86: 0.245 | AJ86: 0.36 | AK86: 0.395 | AL86: 0.645 | AM86: 0.815 | AN86: 0 | AO86: 0.065 | AP86: 0.145 | AQ86: 0.245 | AR86: 0.36 | AS86: 0.395 | AT86: 0.645 | AU86: 0.815 | AV86: 0 | AW86: 0.065 | AX86: 0.145 | AY86: 0.245 | AZ86: 0.36 | BA86: 0.395 | BB86: 0.645 | BC86: 0.815 | BD86: 0 | BE86: 0.065 | BF86: 0.145 | BG86: 0.245 | BH86: 0.36 | BI86: 0.395 | BJ86: 0.645 | BK86: 0.815 | BL86: 0 | BM86: 0.065 | BN86: 0.145 | BO86: 0.245 | BP86: 0.36 | BQ86: 0.395 | BR86: 0.645 | BS86: 0.815 | BT86: 0 | BU86: 0.065 | BV86: 0.145 | BW86: 0.245 | BX86: 0.36 | BY86: 0.395 | BZ86: 0.645 | CA86: 0.815 | CB86: 0 | CC86: 0.065 | CD86: 0.145 | CE86: 0.245 | CF86: 0.36 | CG86: 0.395 | CH86: 0.645 | CI86: 0.815 | CJ86: 0 | CK86: 0.065 | CL86: 0.145 | CM86: 0.245 | CN86: 0.36 | CO86: 0.395 | CP86: 0.645 | CQ86: 0.815
C87: M2no5 | D87: tb_zrzr | E87: 0.252 | F87: 0.144 | G87: 0.108 | H87: 0.019 | I87: 4354 | J87: 3885 | K87: 56 | L87: 5160 | M87: 5839 | N87: 72 | O87: 86 | P87: 87.5 | Q87: 90 | R87: 50 | S87: 86 | T87: =(N82*O82*P82*Q82*R82*S82)/(I82*J82*K82*(F82*H82 + F83*H83 + F84*H84 + F85*H85 + F86*H86 + F87*H87)) -> 8255.9961 | U87: 1.279 | V87: 0.059 | W87: 4.02 | X87: =H83 -> 0.019 | Y87: =H84 -> 0.043 | Z87: =H85 -> 0.019 | AA87: =H86 -> 0.017 | AB87: =H87 -> 0.019 | AC87: =1000000*(O87*Q87*S87)^(1/3)/(I87+0.5*J87+240*K87) -> 4423.9444 | AE87: Score | AF87: =($O87*$Q87*$S87)^(1/3)/(AF82*((1-AF$2)*$H82+AF$2*$H83) + AF84*((1-AF$2)*$H84+AF$2*$H85) + AF86*((1-AF$2)*$H86+AF$2*$H87)) -> 1819.0246 | AG87: =($O87*$Q87*$S87)^(1/3)/(AG82*((1-AG$2)*$H82+AG$2*$H83) + AG84*((1-AG$2)*$H84+AG$2*$H85) + AG86*((1-AG$2)*$H86+AG$2*$H87)) -> 1923.8334 | AH87: =($O87*$Q87*$S87)^(1/3)/(AH82*((1-AH$2)*$H82+AH$2*$H83) + AH84*((1-AH$2)*$H84+AH$2*$H85) + AH86*((1-AH$2)*$H86+AH$2*$H87)) -> 2056.6053 | AI87: =($O87*$Q87*$S87)^(1/3)/(AI82*((1-AI$2)*$H82+AI$2*$H83) + AI84*((1-AI$2)*$H84+AI$2*$H85) + AI86*((1-AI$2)*$H86+AI$2*$H87)) -> 2545.2027 | AJ87: =($O87*$Q87*$S87)^(1/3)/(AJ82*((1-AJ$2)*$H82+AJ$2*$H83) + AJ84*((1-AJ$2)*$H84+AJ$2*$H85) + AJ86*((1-AJ$2)*$H86+AJ$2*$H87)) -> 2463.6902 | AK87: =($O87*$Q87*$S87)^(1/3)/(AK82*((1-AK$2)*$H82+AK$2*$H83) + AK84*((1-AK$2)*$H84+AK$2*$H85) + AK86*((1-AK$2)*$H86+AK$2*$H87)) -> 2944.2988 | AL87: =($O87*$Q87*$S87)^(1/3)/(AL82*((1-AL$2)*$H82+AL$2*$H83) + AL84*((1-AL$2)*$H84+AL$2*$H85) + AL86*((1-AL$2)*$H86+AL$2*$H87)) -> 3239.2202 | AM87: =($O87*$Q87*$S87)^(1/3)/(AM82*((1-AM$2)*$H82+AM$2*$H83) + AM84*((1-AM$2)*$H84+AM$2*$H85) + AM86*((1-AM$2)*$H86+AM$2*$H87)) -> 3944.5755 | ... CQ87: =($O87*$Q87*$S87)^(1/3)/(CQ82*((1-CQ$2)*$H82+CQ$2*$H83) + CQ84*((1-CQ$2)*$H84+CQ$2*$H85) + CQ86*((1-CQ$2)*$H86+CQ$2*$H87)) -> 4502.5651 | CS87: =100*$AF87/AF87 -> 100 | CT87: =100*$AF87/AG87 -> 94.552083 | CU87: =100*$AF87/AH87 -> 88.447917 | CV87: =100*$AF87/AI87 -> 71.46875 | CW87: =100*$AF87/AJ87 -> 73.833333 | CX87: =100*$AF87/AK87 -> 61.78125 | CY87: =100*$AF87/AL87 -> 56.15625 | CZ87: =100*$AF87/AM87 -> 46.114583 | ... FD87: =100*$AF87/CQ87 -> 40.39974
C88: M2no6 | D88: tb_nznz | E88: 0.289 | F88: 0.18 | G88: 0.108 | H88: 0.048 | I88: 4305 | J88: 4005 | K88: 56 | L88: 5114 | M88: 5959 | N88: 72 | O88: 86 | P88: 87.5 | Q88: 90 | R88: 50 | S88: 86 | T88: 0 | U88: 2.064 | V88: 0.058 | W88: 4.02 | X88: =H89 -> 0.019 | Y88: =H90 -> 0.044 | Z88: =H91 -> 0.02 | AA88: =H92 -> 0.018 | AB88: =H93 -> 0.02 | AC88: =1000000*(O88*Q88*S88)^(1/3)/(I88+0.5*J88+240*K88) -> 4421.4802 | AE88: NZ rate | AF88: 1 | AG88: 0.815 | AH88: 0.645 | AI88: 0.395 | AJ88: 0.36 | AK88: 0.245 | AL88: 0.145 | AM88: 0.065 | AN88: 1 | AO88: 0.815 | AP88: 0.645 | AQ88: 0.395 | AR88: 0.36 | AS88: 0.245 | AT88: 0.145 | AU88: 0.065 | AV88: 1 | AW88: 0.815 | AX88: 0.645 | AY88: 0.395 | AZ88: 0.36 | BA88: 0.245 | BB88: 0.145 | BC88: 0.065 | BD88: 1 | BE88: 0.815 | BF88: 0.645 | BG88: 0.395 | BH88: 0.36 | BI88: 0.245 | BJ88: 0.145 | BK88: 0.065 | BL88: 1 | BM88: 0.815 | BN88: 0.645 | BO88: 0.395 | BP88: 0.36 | BQ88: 0.245 | BR88: 0.145 | BS88: 0.065 | BT88: 1 | BU88: 0.815 | BV88: 0.645 | BW88: 0.395 | BX88: 0.36 | BY88: 0.245 | BZ88: 0.145 | CA88: 0.065 | CB88: 1 | CC88: 0.815 | CD88: 0.645 | CE88: 0.395 | CF88: 0.36 | CG88: 0.245 | CH88: 0.145 | CI88: 0.065 | CJ88: 1 | CK88: 0.815 | CL88: 0.645 | CM88: 0.395 | CN88: 0.36 | CO88: 0.245 | CP88: 0.145 | CQ88: 0.065
C89: M2no6 | D89: tb_nzzr | E89: 0.252 | F89: 0.144 | G89: 0.108 | H89: 0.019 | I89: 4305 | J89: 4005 | K89: 56 | L89: 5114 | M89: 5959 | N89: 72 | O89: 86 | P89: 87.5 | Q89: 90 | R89: 50 | S89: 86 | T89: 0 | U89: 2.064 | V89: 0.058 | W89: 4.02 | X89: =H89 -> 0.019 | Y89: =H90 -> 0.044 | Z89: =H91 -> 0.02 | AA89: =H92 -> 0.018 | AB89: =H93 -> 0.02 | AC89: =1000000*(O89*Q89*S89)^(1/3)/(I89+0.5*J89+240*K89) -> 4421.4802
C90: M2no6 | D90: tb_swnz | E90: 0.285 | F90: 0.176 | G90: 0.108 | H90: 0.044 | I90: 4305 | J90: 4005 | K90: 56 | L90: 5114 | M90: 5959 | N90: 72 | O90: 86 | P90: 87.5 | Q90: 90 | R90: 50 | S90: 86 | T90: 0 | U90: 2.064 | V90: 0.058 | W90: 4.02 | X90: =H89 -> 0.019 | Y90: =H90 -> 0.044 | Z90: =H91 -> 0.02 | AA90: =H92 -> 0.018 | AB90: =H93 -> 0.02 | AC90: =1000000*(O90*Q90*S90)^(1/3)/(I90+0.5*J90+240*K90) -> 4421.4802 | AE90: SW rate | AF90: 0 | AG90: 0.12 | AH90: 0.21 | AI90: 0.26 | AJ90: 0.28 | AK90: 0.26 | AL90: 0.21 | AM90: 0.12 | AN90: 0 | AO90: 0.12 | AP90: 0.21 | AQ90: 0.26 | AR90: 0.28 | AS90: 0.26 | AT90: 0.21 | AU90: 0.12 | AV90: 0 | AW90: 0.12 | AX90: 0.21 | AY90: 0.26 | AZ90: 0.28 | BA90: 0.26 | BB90: 0.21 | BC90: 0.12 | BD90: 0 | BE90: 0.12 | BF90: 0.21 | BG90: 0.26 | BH90: 0.28 | BI90: 0.26 | BJ90: 0.21 | BK90: 0.12 | BL90: 0 | BM90: 0.12 | BN90: 0.21 | BO90: 0.26 | BP90: 0.28 | BQ90: 0.26 | BR90: 0.21 | BS90: 0.12 | BT90: 0 | BU90: 0.12 | BV90: 0.21 | BW90: 0.26 | BX90: 0.28 | BY90: 0.26 | BZ90: 0.21 | CA90: 0.12 | CB90: 0 | CC90: 0.12 | CD90: 0.21 | CE90: 0.26 | CF90: 0.28 | CG90: 0.26 | CH90: 0.21 | CI90: 0.12 | CJ90: 0 | CK90: 0.12 | CL90: 0.21 | CM90: 0.26 | CN90: 0.28 | CO90: 0.26 | CP90: 0.21 | CQ90: 0.12
C91: M2no6 | D91: tb_swzr | E91: 0.253 | F91: 0.145 | G91: 0.108 | H91: 0.02 | I91: 4305 | J91: 4005 | K91: 56 | L91: 5114 | M91: 5959 | N91: 72 | O91: 86 | P91: 87.5 | Q91: 90 | R91: 50 | S91: 86 | T91: 0 | U91: 2.064 | V91: 0.058 | W91: 4.02 | X91: =H89 -> 0.019 | Y91: =H90 -> 0.044 | Z91: =H91 -> 0.02 | AA91: =H92 -> 0.018 | AB91: =H93 -> 0.02 | AC91: =1000000*(O91*Q91*S91)^(1/3)/(I91+0.5*J91+240*K91) -> 4421.4802
C92: M2no6 | D92: tb_zrnz | E92: 0.25 | F92: 0.143 | G92: 0.108 | H92: 0.018 | I92: 4305 | J92: 4005 | K92: 56 | L92: 5114 | M92: 5959 | N92: 72 | O92: 86 | P92: 87.5 | Q92: 90 | R92: 50 | S92: 86 | T92: 0 | U92: 2.064 | V92: 0.058 | W92: 4.02 | X92: =H89 -> 0.019 | Y92: =H90 -> 0.044 | Z92: =H91 -> 0.02 | AA92: =H92 -> 0.018 | AB92: =H93 -> 0.02 | AC92: =1000000*(O92*Q92*S92)^(1/3)/(I92+0.5*J92+240*K92) -> 4421.4802 | AE92: ZR rate | AF92: 0 | AG92: 0.065 | AH92: 0.145 | AI92: 0.245 | AJ92: 0.36 | AK92: 0.395 | AL92: 0.645 | AM92: 0.815 | AN92: 0 | AO92: 0.065 | AP92: 0.145 | AQ92: 0.245 | AR92: 0.36 | AS92: 0.395 | AT92: 0.645 | AU92: 0.815 | AV92: 0 | AW92: 0.065 | AX92: 0.145 | AY92: 0.245 | AZ92: 0.36 | BA92: 0.395 | BB92: 0.645 | BC92: 0.815 | BD92: 0 | BE92: 0.065 | BF92: 0.145 | BG92: 0.245 | BH92: 0.36 | BI92: 0.395 | BJ92: 0.645 | BK92: 0.815 | BL92: 0 | BM92: 0.065 | BN92: 0.145 | BO92: 0.245 | BP92: 0.36 | BQ92: 0.395 | BR92: 0.645 | BS92: 0.815 | BT92: 0 | BU92: 0.065 | BV92: 0.145 | BW92: 0.245 | BX92: 0.36 | BY92: 0.395 | BZ92: 0.645 | CA92: 0.815 | CB92: 0 | CC92: 0.065 | CD92: 0.145 | CE92: 0.245 | CF92: 0.36 | CG92: 0.395 | CH92: 0.645 | CI92: 0.815 | CJ92: 0 | CK92: 0.065 | CL92: 0.145 | CM92: 0.245 | CN92: 0.36 | CO92: 0.395 | CP92: 0.645 | CQ92: 0.815
C93: M2no6 | D93: tb_zrzr | E93: 0.253 | F93: 0.145 | G93: 0.108 | H93: 0.02 | I93: 4305 | J93: 4005 | K93: 56 | L93: 5114 | M93: 5959 | N93: 72 | O93: 86 | P93: 87.5 | Q93: 90 | R93: 50 | S93: 86 | T93: =(N88*O88*P88*Q88*R88*S88)/(I88*J88*K88*(F88*H88 + F89*H89 + F90*H90 + F91*H91 + F92*H92 + F93*H93)) -> 7898.5675 | U93: 2.064 | V93: 0.058 | W93: 4.02 | X93: =H89 -> 0.019 | Y93: =H90 -> 0.044 | Z93: =H91 -> 0.02 | AA93: =H92 -> 0.018 | AB93: =H93 -> 0.02 | AC93: =1000000*(O93*Q93*S93)^(1/3)/(I93+0.5*J93+240*K93) -> 4421.4802 | AE93: Score | AF93: =($O93*$Q93*$S93)^(1/3)/(AF88*((1-AF$2)*$H88+AF$2*$H89) + AF90*((1-AF$2)*$H90+AF$2*$H91) + AF92*((1-AF$2)*$H92+AF$2*$H93)) -> 1819.0246 | AG93: =($O93*$Q93*$S93)^(1/3)/(AG88*((1-AG$2)*$H88+AG$2*$H89) + AG90*((1-AG$2)*$H90+AG$2*$H91) + AG92*((1-AG$2)*$H92+AG$2*$H93)) -> 1916.0233 | AH93: =($O93*$Q93*$S93)^(1/3)/(AH88*((1-AH$2)*$H88+AH$2*$H89) + AH90*((1-AH$2)*$H90+AH$2*$H91) + AH92*((1-AH$2)*$H92+AH$2*$H93)) -> 2039.551 | AI93: =($O93*$Q93*$S93)^(1/3)/(AI88*((1-AI$2)*$H88+AI$2*$H89) + AI90*((1-AI$2)*$H90+AI$2*$H91) + AI92*((1-AI$2)*$H92+AI$2*$H93)) -> 2508.2786 | AJ93: =($O93*$Q93*$S93)^(1/3)/(AJ88*((1-AJ$2)*$H88+AJ$2*$H89) + AJ90*((1-AJ$2)*$H90+AJ$2*$H91) + AJ92*((1-AJ$2)*$H92+AJ$2*$H93)) -> 2419.9883 | AK93: =($O93*$Q93*$S93)^(1/3)/(AK88*((1-AK$2)*$H88+AK$2*$H89) + AK90*((1-AK$2)*$H90+AK$2*$H91) + AK92*((1-AK$2)*$H92+AK$2*$H93)) -> 2880.6724 | AL93: =($O93*$Q93*$S93)^(1/3)/(AL88*((1-AL$2)*$H88+AL$2*$H89) + AL90*((1-AL$2)*$H90+AL$2*$H91) + AL92*((1-AL$2)*$H92+AL$2*$H93)) -> 3139.6325 | AM93: =($O93*$Q93*$S93)^(1/3)/(AM88*((1-AM$2)*$H88+AM$2*$H89) + AM90*((1-AM$2)*$H90+AM$2*$H91) + AM92*((1-AM$2)*$H92+AM$2*$H93)) -> 3784.7065 | ... CQ93: =($O93*$Q93*$S93)^(1/3)/(CQ88*((1-CQ$2)*$H88+CQ$2*$H89) + CQ90*((1-CQ$2)*$H90+CQ$2*$H91) + CQ92*((1-CQ$2)*$H92+CQ$2*$H93)) -> 4295.4551 | CS93: =100*$AF93/AF93 -> 100 | CT93: =100*$AF93/AG93 -> 94.9375 | CU93: =100*$AF93/AH93 -> 89.1875 | CV93: =100*$AF93/AI93 -> 72.520833 | CW93: =100*$AF93/AJ93 -> 75.166667 | CX93: =100*$AF93/AK93 -> 63.145833 | CY93: =100*$AF93/AL93 -> 57.9375 | CZ93: =100*$AF93/AM93 -> 48.0625 | ... FD93: =100*$AF93/CQ93 -> 42.347656
C94: M2no7 | D94: tb_nznz | E94: 0.289 | F94: 0.18 | G94: 0.108 | H94: 0.048 | I94: 4333 | J94: 3941 | K94: 56 | L94: 5147 | M94: 5895 | N94: 72 | O94: 86 | P94: 87.5 | Q94: 90 | R94: 50 | S94: 86 | T94: 0 | U94: 1.928 | V94: 0.058 | W94: 4.02 | X94: =H95 -> 0.025 | Y94: =H96 -> 0.044 | Z94: =H97 -> 0.025 | AA94: =H98 -> 0.017 | AB94: =H99 -> 0.025 | AC94: =1000000*(O94*Q94*S94)^(1/3)/(I94+0.5*J94+240*K94) -> 4422.376 | AE94: NZ rate | AF94: 1 | AG94: 0.815 | AH94: 0.645 | AI94: 0.395 | AJ94: 0.36 | AK94: 0.245 | AL94: 0.145 | AM94: 0.065 | AN94: 1 | AO94: 0.815 | AP94: 0.645 | AQ94: 0.395 | AR94: 0.36 | AS94: 0.245 | AT94: 0.145 | AU94: 0.065 | AV94: 1 | AW94: 0.815 | AX94: 0.645 | AY94: 0.395 | AZ94: 0.36 | BA94: 0.245 | BB94: 0.145 | BC94: 0.065 | BD94: 1 | BE94: 0.815 | BF94: 0.645 | BG94: 0.395 | BH94: 0.36 | BI94: 0.245 | BJ94: 0.145 | BK94: 0.065 | BL94: 1 | BM94: 0.815 | BN94: 0.645 | BO94: 0.395 | BP94: 0.36 | BQ94: 0.245 | BR94: 0.145 | BS94: 0.065 | BT94: 1 | BU94: 0.815 | BV94: 0.645 | BW94: 0.395 | BX94: 0.36 | BY94: 0.245 | BZ94: 0.145 | CA94: 0.065 | CB94: 1 | CC94: 0.815 | CD94: 0.645 | CE94: 0.395 | CF94: 0.36 | CG94: 0.245 | CH94: 0.145 | CI94: 0.065 | CJ94: 1 | CK94: 0.815 | CL94: 0.645 | CM94: 0.395 | CN94: 0.36 | CO94: 0.245 | CP94: 0.145 | CQ94: 0.065
C95: M2no7 | D95: tb_nzzr | E95: 0.258 | F95: 0.15 | G95: 0.108 | H95: 0.025 | I95: 4333 | J95: 3941 | K95: 56 | L95: 5147 | M95: 5895 | N95: 72 | O95: 86 | P95: 87.5 | Q95: 90 | R95: 50 | S95: 86 | T95: 0 | U95: 1.928 | V95: 0.058 | W95: 4.02 | X95: =H95 -> 0.025 | Y95: =H96 -> 0.044 | Z95: =H97 -> 0.025 | AA95: =H98 -> 0.017 | AB95: =H99 -> 0.025 | AC95: =1000000*(O95*Q95*S95)^(1/3)/(I95+0.5*J95+240*K95) -> 4422.376
C96: M2no7 | D96: tb_swnz | E96: 0.285 | F96: 0.177 | G96: 0.108 | H96: 0.044 | I96: 4333 | J96: 3941 | K96: 56 | L96: 5147 | M96: 5895 | N96: 72 | O96: 86 | P96: 87.5 | Q96: 90 | R96: 50 | S96: 86 | T96: 0 | U96: 1.928 | V96: 0.058 | W96: 4.02 | X96: =H95 -> 0.025 | Y96: =H96 -> 0.044 | Z96: =H97 -> 0.025 | AA96: =H98 -> 0.017 | AB96: =H99 -> 0.025 | AC96: =1000000*(O96*Q96*S96)^(1/3)/(I96+0.5*J96+240*K96) -> 4422.376 | AE96: SW rate | AF96: 0 | AG96: 0.12 | AH96: 0.21 | AI96: 0.26 | AJ96: 0.28 | AK96: 0.26 | AL96: 0.21 | AM96: 0.12 | AN96: 0 | AO96: 0.12 | AP96: 0.21 | AQ96: 0.26 | AR96: 0.28 | AS96: 0.26 | AT96: 0.21 | AU96: 0.12 | AV96: 0 | AW96: 0.12 | AX96: 0.21 | AY96: 0.26 | AZ96: 0.28 | BA96: 0.26 | BB96: 0.21 | BC96: 0.12 | BD96: 0 | BE96: 0.12 | BF96: 0.21 | BG96: 0.26 | BH96: 0.28 | BI96: 0.26 | BJ96: 0.21 | BK96: 0.12 | BL96: 0 | BM96: 0.12 | BN96: 0.21 | BO96: 0.26 | BP96: 0.28 | BQ96: 0.26 | BR96: 0.21 | BS96: 0.12 | BT96: 0 | BU96: 0.12 | BV96: 0.21 | BW96: 0.26 | BX96: 0.28 | BY96: 0.26 | BZ96: 0.21 | CA96: 0.12 | CB96: 0 | CC96: 0.12 | CD96: 0.21 | CE96: 0.26 | CF96: 0.28 | CG96: 0.26 | CH96: 0.21 | CI96: 0.12 | CJ96: 0 | CK96: 0.12 | CL96: 0.21 | CM96: 0.26 | CN96: 0.28 | CO96: 0.26 | CP96: 0.21 | CQ96: 0.12
C97: M2no7 | D97: tb_swzr | E97: 0.258 | F97: 0.151 | G97: 0.108 | H97: 0.025 | I97: 4333 | J97: 3941 | K97: 56 | L97: 5147 | M97: 5895 | N97: 72 | O97: 86 | P97: 87.5 | Q97: 90 | R97: 50 | S97: 86 | T97: 0 | U97: 1.928 | V97: 0.058 | W97: 4.02 | X97: =H95 -> 0.025 | Y97: =H96 -> 0.044 | Z97: =H97 -> 0.025 | AA97: =H98 -> 0.017 | AB97: =H99 -> 0.025 | AC97: =1000000*(O97*Q97*S97)^(1/3)/(I97+0.5*J97+240*K97) -> 4422.376
C98: M2no7 | D98: tb_zrnz | E98: 0.249 | F98: 0.141 | G98: 0.108 | H98: 0.017 | I98: 4333 | J98: 3941 | K98: 56 | L98: 5147 | M98: 5895 | N98: 72 | O98: 86 | P98: 87.5 | Q98: 90 | R98: 50 | S98: 86 | T98: 0 | U98: 1.928 | V98: 0.058 | W98: 4.02 | X98: =H95 -> 0.025 | Y98: =H96 -> 0.044 | Z98: =H97 -> 0.025 | AA98: =H98 -> 0.017 | AB98: =H99 -> 0.025 | AC98: =1000000*(O98*Q98*S98)^(1/3)/(I98+0.5*J98+240*K98) -> 4422.376 | AE98: ZR rate | AF98: 0 | AG98: 0.065 | AH98: 0.145 | AI98: 0.245 | AJ98: 0.36 | AK98: 0.395 | AL98: 0.645 | AM98: 0.815 | AN98: 0 | AO98: 0.065 | AP98: 0.145 | AQ98: 0.245 | AR98: 0.36 | AS98: 0.395 | AT98: 0.645 | AU98: 0.815 | AV98: 0 | AW98: 0.065 | AX98: 0.145 | AY98: 0.245 | AZ98: 0.36 | BA98: 0.395 | BB98: 0.645 | BC98: 0.815 | BD98: 0 | BE98: 0.065 | BF98: 0.145 | BG98: 0.245 | BH98: 0.36 | BI98: 0.395 | BJ98: 0.645 | BK98: 0.815 | BL98: 0 | BM98: 0.065 | BN98: 0.145 | BO98: 0.245 | BP98: 0.36 | BQ98: 0.395 | BR98: 0.645 | BS98: 0.815 | BT98: 0 | BU98: 0.065 | BV98: 0.145 | BW98: 0.245 | BX98: 0.36 | BY98: 0.395 | BZ98: 0.645 | CA98: 0.815 | CB98: 0 | CC98: 0.065 | CD98: 0.145 | CE98: 0.245 | CF98: 0.36 | CG98: 0.395 | CH98: 0.645 | CI98: 0.815 | CJ98: 0 | CK98: 0.065 | CL98: 0.145 | CM98: 0.245 | CN98: 0.36 | CO98: 0.395 | CP98: 0.645 | CQ98: 0.815
C99: M2no7 | D99: tb_zrzr | E99: 0.258 | F99: 0.151 | G99: 0.108 | H99: 0.025 | I99: 4333 | J99: 3941 | K99: 56 | L99: 5147 | M99: 5895 | N99: 72 | O99: 86 | P99: 87.5 | Q99: 90 | R99: 50 | S99: 86 | T99: =(N94*O94*P94*Q94*R94*S94)/(I94*J94*K94*(F94*H94 + F95*H95 + F96*H96 + F97*H97 + F98*H98 + F99*H99)) -> 7278.4644 | U99: 1.928 | V99: 0.058 | W99: 4.02 | X99: =H95 -> 0.025 | Y99: =H96 -> 0.044 | Z99: =H97 -> 0.025 | AA99: =H98 -> 0.017 | AB99: =H99 -> 0.025 | AC99: =1000000*(O99*Q99*S99)^(1/3)/(I99+0.5*J99+240*K99) -> 4422.376 | AE99: Score | AF99: =($O99*$Q99*$S99)^(1/3)/(AF94*((1-AF$2)*$H94+AF$2*$H95) + AF96*((1-AF$2)*$H96+AF$2*$H97) + AF98*((1-AF$2)*$H98+AF$2*$H99)) -> 1819.0246 | AG99: =($O99*$Q99*$S99)^(1/3)/(AG94*((1-AG$2)*$H94+AG$2*$H95) + AG96*((1-AG$2)*$H96+AG$2*$H97) + AG98*((1-AG$2)*$H98+AG$2*$H99)) -> 1918.7601 | AH99: =($O99*$Q99*$S99)^(1/3)/(AH94*((1-AH$2)*$H94+AH$2*$H95) + AH96*((1-AH$2)*$H96+AH$2*$H97) + AH98*((1-AH$2)*$H98+AH$2*$H99)) -> 2046.4826 | AI99: =($O99*$Q99*$S99)^(1/3)/(AI94*((1-AI$2)*$H94+AI$2*$H95) + AI96*((1-AI$2)*$H96+AI$2*$H97) + AI98*((1-AI$2)*$H98+AI$2*$H99)) -> 2526.0576 | AJ99: =($O99*$Q99*$S99)^(1/3)/(AJ94*((1-AJ$2)*$H94+AJ$2*$H95) + AJ96*((1-AJ$2)*$H96+AJ$2*$H97) + AJ98*((1-AJ$2)*$H98+AJ$2*$H99)) -> 2444.3779 | AK99: =($O99*$Q99*$S99)^(1/3)/(AK94*((1-AK$2)*$H94+AK$2*$H95) + AK96*((1-AK$2)*$H96+AK$2*$H97) + AK98*((1-AK$2)*$H98+AK$2*$H99)) -> 2918.709 | AL99: =($O99*$Q99*$S99)^(1/3)/(AL94*((1-AL$2)*$H94+AL$2*$H95) + AL96*((1-AL$2)*$H96+AL$2*$H97) + AL98*((1-AL$2)*$H98+AL$2*$H99)) -> 3214.1793 | AM99: =($O99*$Q99*$S99)^(1/3)/(AM94*((1-AM$2)*$H94+AM$2*$H95) + AM96*((1-AM$2)*$H96+AM$2*$H97) + AM98*((1-AM$2)*$H98+AM$2*$H99)) -> 3923.3062 | ... CQ99: =($O99*$Q99*$S99)^(1/3)/(CQ94*((1-CQ$2)*$H94+CQ$2*$H95) + CQ96*((1-CQ$2)*$H96+CQ$2*$H97) + CQ98*((1-CQ$2)*$H98+CQ$2*$H99)) -> 3541.1292 | CS99: =100*$AF99/AF99 -> 100 | CT99: =100*$AF99/AG99 -> 94.802083 | CU99: =100*$AF99/AH99 -> 88.885417 | CV99: =100*$AF99/AI99 -> 72.010417 | CW99: =100*$AF99/AJ99 -> 74.416667 | CX99: =100*$AF99/AK99 -> 62.322917 | CY99: =100*$AF99/AL99 -> 56.59375 | CZ99: =100*$AF99/AM99 -> 46.364583 | ... FD99: =100*$AF99/CQ99 -> 51.36849
C100: M2no8 | D100: tb_nznz | E100: 0.288 | F100: 0.18 | G100: 0.108 | H100: 0.047 | I100: 4349 | J100: 3941 | K100: 56 | L100: 5157 | M100: 5895 | N100: 72 | O100: 86 | P100: 87.5 | Q100: 90 | R100: 50 | S100: 86 | T100: 0 | U100: 1.274 | V100: 0.067 | W100: 4.02 | X100: =H101 -> 0.018 | Y100: =H102 -> 0.043 | Z100: =H103 -> 0.019 | AA100: =H104 -> 0.017 | AB100: =H105 -> 0.019 | AC100: =1000000*(O100*Q100*S100)^(1/3)/(I100+0.5*J100+240*K100) -> 4418.795 | AE100: NZ rate | AF100: 1 | AG100: 0.815 | AH100: 0.645 | AI100: 0.395 | AJ100: 0.36 | AK100: 0.245 | AL100: 0.145 | AM100: 0.065 | AN100: 1 | AO100: 0.815 | AP100: 0.645 | AQ100: 0.395 | AR100: 0.36 | AS100: 0.245 | AT100: 0.145 | AU100: 0.065 | AV100: 1 | AW100: 0.815 | AX100: 0.645 | AY100: 0.395 | AZ100: 0.36 | BA100: 0.245 | BB100: 0.145 | BC100: 0.065 | BD100: 1 | BE100: 0.815 | BF100: 0.645 | BG100: 0.395 | BH100: 0.36 | BI100: 0.245 | BJ100: 0.145 | BK100: 0.065 | BL100: 1 | BM100: 0.815 | BN100: 0.645 | BO100: 0.395 | BP100: 0.36 | BQ100: 0.245 | BR100: 0.145 | BS100: 0.065 | BT100: 1 | BU100: 0.815 | BV100: 0.645 | BW100: 0.395 | BX100: 0.36 | BY100: 0.245 | BZ100: 0.145 | CA100: 0.065 | CB100: 1 | CC100: 0.815 | CD100: 0.645 | CE100: 0.395 | CF100: 0.36 | CG100: 0.245 | CH100: 0.145 | CI100: 0.065 | CJ100: 1 | CK100: 0.815 | CL100: 0.645 | CM100: 0.395 | CN100: 0.36 | CO100: 0.245 | CP100: 0.145 | CQ100: 0.065
...

Sheet dynamic vs fixed HW util.
C2: ConverterOverhead | F2: Detector Overhead
C3: Engine | D3: LUT | E3: FF | F3: LUT | G3: FF
C4: M5 | D4: 18 | E4: 8 | F4: 8 | G4: 0
C5: M4 | D5: 23 | E5: 8 | F5: 8 | G5: 0
C6: M3 | D6: 20 | E6: 7 | F6: 8 | G6: 0
C7: M2 | D7: 19 | E7: 6 | F7: 8 | G7: 0
C8: M1 | D8: 12 | E8: 5 | F8: 8 | G8: 0
C11: PE | I11: PE
C12: Engine | D12: LUT | E12: FF | F12: BRAM36k | G12: AREA | H12: Exclude BRAM | I12: Engine | J12: LUT | K12: FF | L12: BRAM36k
C13: M5no1 | D13: 82 | E13: 72 | F13: 72 | G13: =64*(D13+0.5*E13)+240*F13 -> 24832 | H13: =D13+0.5*E13 -> 118 | I13: Default | J13: 100 | K13: 74 | L13: 72
C14: M5no2 | D14: 92 | E14: 73 | F14: 72 | G14: =64*(D14+0.5*E14)+240*F14 -> 25504 | H14: =D14+0.5*E14 -> 128.5 | I14: Fixed7 | J14: 93 | K14: 73 | L14: 72
C15: M5no3 | D15: 92 | E15: 75 | F15: 72 | G15: =64*(D15+0.5*E15)+240*F15 -> 25568 | H15: =D15+0.5*E15 -> 129.5 | I15: Fixed6 | J15: 74 | K15: 68 | L15: 64
C16: M5no4 | D16: 92 | E16: 73 | F16: 72 | G16: =64*(D16+0.5*E16)+240*F16 -> 25504 | H16: =D16+0.5*E16 -> 128.5 | I16: Fixed5 | J16: 51 | K16: 63 | L16: 56
C17: M5no5 | D17: 97 | E17: 73 | F17: 72 | G17: =64*(D17+0.5*E17)+240*F17 -> 25824 | H17: =D17+0.5*E17 -> 133.5 | I17: Fixed4 | J17: 44 | K17: 58 | L17: 48
C18: M5no6 | D18: 93 | E18: 75 | F18: 72 | G18: =64*(D18+0.5*E18)+240*F18 -> 25632 | H18: =D18+0.5*E18 -> 130.5
C19: M5no7 | D19: 92 | E19: 74 | F19: 72 | G19: =64*(D19+0.5*E19)+240*F19 -> 25536 | H19: =D19+0.5*E19 -> 129
C20: M5no8 | D20: 93 | E20: 74 | F20: 72 | G20: =64*(D20+0.5*E20)+240*F20 -> 25600 | H20: =D20+0.5*E20 -> 130
C21: M5no9 | D21: 92 | E21: 76 | F21: 72 | G21: =64*(D21+0.5*E21)+240*F21 -> 25600 | H21: =D21+0.5*E21 -> 130
C22: M4no1 | D22: 89 | E22: 71 | F22: 72 | G22: =64*(D22+0.5*E22)+240*F22 -> 25248 | H22: =D22+0.5*E22 -> 124.5
C23: M4no2 | D23: 85 | E23: 72 | F23: 72 | G23: =64*(D23+0.5*E23)+240*F23 -> 25024 | H23: =D23+0.5*E23 -> 121
C24: M4no3 | D24: 86 | E24: 74 | F24: 72 | G24: =64*(D24+0.5*E24)+240*F24 -> 25152 | H24: =D24+0.5*E24 -> 123
C25: M4no4 | D25: 85 | E25: 72 | F25: 72 | G25: =64*(D25+0.5*E25)+240*F25 -> 25024 | H25: =D25+0.5*E25 -> 121
C26: M4no5 | D26: 86 | E26: 72 | F26: 72 | G26: =64*(D26+0.5*E26)+240*F26 -> 25088 | H26: =D26+0.5*E26 -> 122
C27: M4no6 | D27: 85 | E27: 74 | F27: 72 | G27: =64*(D27+0.5*E27)+240*F27 -> 25088 | H27: =D27+0.5*E27 -> 122
C28: M4no7 | D28: 86 | E28: 73 | F28: 72 | G28: =64*(D28+0.5*E28)+240*F28 -> 25120 | H28: =D28+0.5*E28 -> 122.5
C29: M4no8 | D29: 85 | E29: 73 | F29: 72 | G29: =64*(D29+0.5*E29)+240*F29 -> 25056 | H29: =D29+0.5*E29 -> 121.5
... C57: M1no9 | D57: 59 | E57: 59 | F57: 48 | G57: =64*(D57+0.5*E57)+240*F57 -> 17184 | H57: =D57+0.5*E57 -> 88.5

Sheet energy consumption
Q6: M1no1 | R6: Input | S6: 0 | T6: 0.125 | U6: 0.25 | V6: 0.375 | W6: 0.5 | X6: 0.625 | Y6: 0.75 | Z6: 0.875
Q7: Weight | R7: 0 | S7: ='dynamic scaling metrics'!CS9 -> 100 | T7: ='dynamic scaling metrics'!CT9 -> 99.394737 | U7: ='dynamic scaling metrics'!CU9 -> 97.131579 | V7: ='dynamic scaling metrics'!CV9 -> 82.657895 | W7: ='dynamic scaling metrics'!CW9 -> 86.526316 | X7: ='dynamic scaling metrics'!CX9 -> 73.973684 | Y7: ='dynamic scaling metrics'!CY9 -> 68.184211 | Z7: ='dynamic scaling metrics'!CZ9 -> 55.973684
R8: 0.125 | S8: ='dynamic scaling metrics'!DA9 -> 94.407895 | T8: ='dynamic scaling metrics'!DB9 -> 94.243421 | U8: ='dynamic scaling metrics'!DC9 -> 92.598684 | V8: ='dynamic scaling metrics'!DD9 -> 79.539474 | W8: ='dynamic scaling metrics'!DE9 -> 83.881579 | X8: ='dynamic scaling metrics'!DF9 -> 72.236842 | Y8: ='dynamic scaling metrics'!DG9 -> 68.256579 | Z8: ='dynamic scaling metrics'!DH9 -> 57.730263
R9: 0.25 | S9: ='dynamic scaling metrics'!DI9 -> 88.815789 | T9: ='dynamic scaling metrics'!DJ9 -> 89.092105 | U9: ='dynamic scaling metrics'!DK9 -> 88.065789 | V9: ='dynamic scaling metrics'!DL9 -> 76.421053 | W9: ='dynamic scaling metrics'!DM9 -> 81.236842 | X9: ='dynamic scaling metrics'!DN9 -> 70.5 | Y9: ='dynamic scaling metrics'!DO9 -> 68.328947 | Z9: ='dynamic scaling metrics'!DP9 -> 59.486842
R10: 0.375 | S10: ='dynamic scaling metrics'!DQ9 -> 83.223684 | T10: ='dynamic scaling metrics'!DR9 -> 83.940789 | U10: ='dynamic scaling metrics'!DS9 -> 83.532895 | V10: ='dynamic scaling metrics'!DT9 -> 73.302632 | W10: ='dynamic scaling metrics'!DU9 -> 78.592105 | X10: ='dynamic scaling metrics'!DV9 -> 68.763158 | Y10: ='dynamic scaling metrics'!DW9 -> 68.401316 | Z10: ='dynamic scaling metrics'!DX9 -> 61.243421 | AK10: Name of Engine | AL10: Average of Energy consumption of the mainstream AI area (the green cells) normalized by Fully compact environment
R11: 0.5 | S11: ='dynamic scaling metrics'!DX9 -> 61.243421 | T11: ='dynamic scaling metrics'!DY9 -> 77.631579 | U11: ='dynamic scaling metrics'!DZ9 -> 78.789474 | V11: ='dynamic scaling metrics'!EA9 -> 79 | W11: ='dynamic scaling metrics'!EB9 -> 70.184211 | X11: ='dynamic scaling metrics'!EC9 -> 75.947368 | Y11: ='dynamic scaling metrics'!ED9 -> 67.026316 | Z11: ='dynamic scaling metrics'!EE9 -> 68.473684 | AK11: =Q6 -> M1no1
R12: 0.625 | S12: ='dynamic scaling metrics'!EF9 -> 63 | T12: ='dynamic scaling metrics'!EG9 -> 72.039474 | U12: ='dynamic scaling metrics'!EH9 -> 73.638158 | V12: ='dynamic scaling metrics'!EI9 -> 74.467105 | W12: ='dynamic scaling metrics'!EJ9 -> 67.065789 | X12: ='dynamic scaling metrics'!EK9 -> 73.302632 | Y12: ='dynamic scaling metrics'!EL9 -> 65.289474 | Z12: ='dynamic scaling metrics'!EM9 -> 68.546053 | AB12: 0 | AC12: 0.125 | AD12: 0.25 | AE12: 0.375 | AF12: 0.5 | AG12: 0.625 | AH12: 0.75 | AI12: 0.875 | AK12: MainStream AI | AL12: =AVERAGE(U11:X12,AD13:AG13) -> 72.118421
Q13: M1no2 | R13: 0 | S13: ='dynamic scaling metrics'!CS15 -> 100 | T13: ='dynamic scaling metrics'!CT15 -> 99.269231 | U13: ='dynamic scaling metrics'!CU15 -> 97.038462 | V13: ='dynamic scaling metrics'!CV15 -> 82.807692 | W13: ='dynamic scaling metrics'!CW15 -> 87.076923 | X13: ='dynamic scaling metrics'!CX15 -> 74.730769 | Y13: ='dynamic scaling metrics'!CY15 -> 70.115385 | Z13: ='dynamic scaling metrics'!CZ15 -> 58.884615 | AA13: 0.75 | AB13: ='dynamic scaling metrics'!EN9 -> 64.756579 | AC13: ='dynamic scaling metrics'!EO9 -> 66.447368 | AD13: ='dynamic scaling metrics'!EP9 -> 68.486842 | AE13: ='dynamic scaling metrics'!EQ9 -> 69.934211 | AF13: ='dynamic scaling metrics'!ER9 -> 63.947368 | AG13: ='dynamic scaling metrics'!ES9 -> 70.657895 | AH13: ='dynamic scaling metrics'!ET9 -> 63.552632 | AI13: ='dynamic scaling metrics'!EU9 -> 68.618421
Q14: Weight | R14: 0.125 | S14: ='dynamic scaling metrics'!DA15 -> 92.948718 | T14: ='dynamic scaling metrics'!DB15 -> 92.36859 | U14: ='dynamic scaling metrics'!DC15 -> 90.471154 | V14: ='dynamic scaling metrics'!DD15 -> 77.522436 | W14: ='dynamic scaling metrics'!DE15 -> 81.846154 | X14: ='dynamic scaling metrics'!DF15 -> 70.503205 | Y14: ='dynamic scaling metrics'!DG15 -> 67.073718 | Z14: ='dynamic scaling metrics'!DH15 -> 57.272436 | AA14: 0.875 | AB14: ='dynamic scaling metrics'!EV9 -> 66.513158 | AC14: ='dynamic scaling metrics'!EW9 -> 60.855263 | AD14: ='dynamic scaling metrics'!EX9 -> 63.335526 | AE14: ='dynamic scaling metrics'!EY9 -> 65.401316 | AF14: ='dynamic scaling metrics'!EZ9 -> 60.828947 | AG14: ='dynamic scaling metrics'!FA9 -> 68.013158 | AH14: ='dynamic scaling metrics'!FB9 -> 61.815789 | AI14: ='dynamic scaling metrics'!FC9 -> 68.690789
R15: 0.25 | S15: ='dynamic scaling metrics'!DI15 -> 85.897436 | T15: ='dynamic scaling metrics'!DJ15 -> 85.467949 | U15: ='dynamic scaling metrics'!DK15 -> 83.903846 | V15: ='dynamic scaling metrics'!DL15 -> 72.237179 | W15: ='dynamic scaling metrics'!DM15 -> 76.615385 | X15: ='dynamic scaling metrics'!DN15 -> 66.275641 | Y15: ='dynamic scaling metrics'!DO15 -> 64.032051 | Z15: ='dynamic scaling metrics'!DP15 -> 55.660256
R16: 0.375 | S16: ='dynamic scaling metrics'!DQ15 -> 78.846154 | T16: ='dynamic scaling metrics'!DR15 -> 78.567308 | U16: ='dynamic scaling metrics'!DS15 -> 77.336538 | V16: ='dynamic scaling metrics'!DT15 -> 66.951923 | W16: ='dynamic scaling metrics'!DU15 -> 71.384615 | X16: ='dynamic scaling metrics'!DV15 -> 62.048077 | Y16: ='dynamic scaling metrics'!DW15 -> 60.990385 | Z16: ='dynamic scaling metrics'!DX15 -> 54.048077
R17: 0.5 | S17: ='dynamic scaling metrics'!DX15 -> 54.048077 | T17: ='dynamic scaling metrics'!DY15 -> 71.794872 | U17: ='dynamic scaling metrics'!DZ15 -> 71.666667 | V17: ='dynamic scaling metrics'!EA15 -> 70.769231 | W17: ='dynamic scaling metrics'!EB15 -> 61.666667 | X17: ='dynamic scaling metrics'!EC15 -> 66.153846 | Y17: ='dynamic scaling metrics'!ED15 -> 57.820513 | Z17: ='dynamic scaling metrics'!EE15 -> 57.948718 | AK17: =Q13 -> M1no2
R18: 0.625 | S18: ='dynamic scaling metrics'!EF15 -> 52.435897 | T18: ='dynamic scaling metrics'!EG15 -> 64.74359 | U18: ='dynamic scaling metrics'!EH15 -> 64.766026 | V18: ='dynamic scaling metrics'!EI15 -> 64.201923 | W18: ='dynamic scaling metrics'!EJ15 -> 56.38141 | X18: ='dynamic scaling metrics'!EK15 -> 60.923077 | Y18: ='dynamic scaling metrics'!EL15 -> 53.592949 | Z18: ='dynamic scaling metrics'!EM15 -> 54.907051 | AB18: 0 | AC18: 0.125 | AD18: 0.25 | AE18: 0.375 | AF18: 0.5 | AG18: 0.625 | AH18: 0.75 | AI18: 0.875 | AK18: MainStream AI | AL18: =AVERAGE(U17:X18,AD19:AG19) -> 61.568109
Q19: M1no3 | R19: 0 | S19: ='dynamic scaling metrics'!CS21 -> 100 | T19: ='dynamic scaling metrics'!CT21 -> 98.9875 | U19: ='dynamic scaling metrics'!CU21 -> 96.5875 | V19: ='dynamic scaling metrics'!CV21 -> 82.3375 | W19: ='dynamic scaling metrics'!CW21 -> 86.7 | X19: ='dynamic scaling metrics'!CX21 -> 74.4625 | Y19: ='dynamic scaling metrics'!CY21 -> 70.3375 | Z19: ='dynamic scaling metrics'!CZ21 -> 59.6125 | AA19: =AA13 -> 0.75 | AB19: ='dynamic scaling metrics'!EN15 -> 50.823718 | AC19: ='dynamic scaling metrics'!EO15 -> 57.692308 | AD19: ='dynamic scaling metrics'!EP15 -> 57.865385 | AE19: ='dynamic scaling metrics'!EQ15 -> 57.634615 | AF19: ='dynamic scaling metrics'!ER15 -> 51.096154 | AG19: ='dynamic scaling metrics'!ES15 -> 55.692308 | AH19: ='dynamic scaling metrics'!ET15 -> 49.365385 | AI19: ='dynamic scaling metrics'!EU15 -> 51.865385
Q20: Weight | R20: 0.125 | S20: ='dynamic scaling metrics'!DA21 -> 93.125 | T20: ='dynamic scaling metrics'!DB21 -> 92.296875 | U20: ='dynamic scaling metrics'!DC21 -> 90.25 | V20: ='dynamic scaling metrics'!DD21 -> 77.265625 | W20: ='dynamic scaling metrics'!DE21 -> 81.6875 | X20: ='dynamic scaling metrics'!DF21 -> 70.421875 | Y20: ='dynamic scaling metrics'!DG21 -> 67.4375 | Z20: ='dynamic scaling metrics'!DH21 -> 58.078125 | AA20: =AA14 -> 0.875 | AB20: ='dynamic scaling metrics'!EV15 -> 49.211538 | AC20: ='dynamic scaling metrics'!EW15 -> 50.641026 | AD20: ='dynamic scaling metrics'!EX15 -> 50.964744 | AE20: ='dynamic scaling metrics'!EY15 -> 51.067308 | AF20: ='dynamic scaling metrics'!EZ15 -> 45.810897 | AG20: ='dynamic scaling metrics'!FA15 -> 50.461538 | AH20: ='dynamic scaling metrics'!FB15 -> 45.137821 | AI20: ='dynamic scaling metrics'!FC15 -> 48.823718
R21: 0.25 | S21: ='dynamic scaling metrics'!DI21 -> 86.25 | T21: ='dynamic scaling metrics'!DJ21 -> 85.60625 | U21: ='dynamic scaling metrics'!DK21 -> 83.9125 | V21: ='dynamic scaling metrics'!DL21 -> 72.19375 | W21: ='dynamic scaling metrics'!DM21 -> 76.675 | X21: ='dynamic scaling metrics'!DN21 -> 66.38125 | Y21: ='dynamic scaling metrics'!DO21 -> 64.5375 | Z21: ='dynamic scaling metrics'!DP21 -> 56.54375
R22: 0.375 | S22: ='dynamic scaling metrics'!DQ21 -> 79.375 | T22: ='dynamic scaling metrics'!DR21 -> 78.915625 | U22: ='dynamic scaling metrics'!DS21 -> 77.575 | V22: ='dynamic scaling metrics'!DT21 -> 67.121875 | W22: ='dynamic scaling metrics'!DU21 -> 71.6625 | X22: ='dynamic scaling metrics'!DV21 -> 62.340625 | Y22: ='dynamic scaling metrics'!DW21 -> 61.6375 | Z22: ='dynamic scaling metrics'!DX21 -> 55.009375
R23: 0.5 | S23: ='dynamic scaling metrics'!DX21 -> 55.009375 | T23: ='dynamic scaling metrics'!DY21 -> 72.5 | U23: ='dynamic scaling metrics'!DZ21 -> 72.225 | V23: ='dynamic scaling metrics'!EA21 -> 71.2375 | W23: ='dynamic scaling metrics'!EB21 -> 62.05 | X23: ='dynamic scaling metrics'!EC21 -> 66.65 | Y23: ='dynamic scaling metrics'!ED21 -> 58.3 | Z23: ='dynamic scaling metrics'!EE21 -> 58.7375 | AK23: =Q19 -> M1no3
R24: 0.625 | S24: ='dynamic scaling metrics'!EF21 -> 53.475 | T24: ='dynamic scaling metrics'!EG21 -> 65.625 | U24: ='dynamic scaling metrics'!EH21 -> 65.534375 | V24: ='dynamic scaling metrics'!EI21 -> 64.9 | W24: ='dynamic scaling metrics'!EJ21 -> 56.978125 | X24: ='dynamic scaling metrics'!EK21 -> 61.6375 | Y24: ='dynamic scaling metrics'!EL21 -> 54.259375 | Z24: ='dynamic scaling metrics'!EM21 -> 55.8375 | AB24: 0 | AC24: 0.125 | AD24: 0.25 | AE24: 0.375 | AF24: 0.5 | AG24: 0.625 | AH24: 0.75 | AI24: 0.875 | AK24: MainStream AI | AL24: =AVERAGE(U23:X24,AD25:AG25) -> 62.2625
Q25: M1no4 | R25: 0 | S25: ='dynamic scaling metrics'!CS27 -> 100 | T25: ='dynamic scaling metrics'!CT27 -> 95.858974 | U25: ='dynamic scaling metrics'!CU27 -> 90.910256 | V25: ='dynamic scaling metrics'!CV27 -> 74.884615 | W25: ='dynamic scaling metrics'!CW27 -> 78.051282 | X25: ='dynamic scaling metrics'!CX27 -> 66.038462 | Y25: ='dynamic scaling metrics'!CY27 -> 61.423077 | Z25: ='dynamic scaling metrics'!CZ27 -> 51.628205 | AA25: =AA19 -> 0.75 | AB25: ='dynamic scaling metrics'!EN21 -> 51.940625 | AC25: ='dynamic scaling metrics'!EO21 -> 58.75 | AD25: ='dynamic scaling metrics'!EP21 -> 58.84375 | AE25: ='dynamic scaling metrics'!EQ21 -> 58.5625 | AF25: ='dynamic scaling metrics'!ER21 -> 51.90625 | AG25: ='dynamic scaling metrics'!ES21 -> 56.625 | AH25: ='dynamic scaling metrics'!ET21 -> 50.21875 | AI25: ='dynamic scaling metrics'!EU21 -> 52.9375
Q26: Weight | R26: 0.125 | S26: ='dynamic scaling metrics'!DA27 -> 94.871795 | T26: ='dynamic scaling metrics'!DB27 -> 91.307692 | U26: ='dynamic scaling metrics'!DC27 -> 87.032051 | V26: ='dynamic scaling metrics'!DD27 -> 72.320513 | W26: ='dynamic scaling metrics'!DE27 -> 75.871795 | X26: ='dynamic scaling metrics'!DF27 -> 64.628205 | Y26: ='dynamic scaling metrics'!DG27 -> 61.391026 | Z26: ='dynamic scaling metrics'!DH27 -> 52.846154 | AA26: =AA20 -> 0.875 | AB26: ='dynamic scaling metrics'!EV21 -> 50.40625 | AC26: ='dynamic scaling metrics'!EW21 -> 51.875 | AD26: ='dynamic scaling metrics'!EX21 -> 52.153125 | AE26: ='dynamic scaling metrics'!EY21 -> 52.225 | AF26: ='dynamic scaling metrics'!EZ21 -> 46.834375 | AG26: ='dynamic scaling metrics'!FA21 -> 51.6125 | AH26: ='dynamic scaling metrics'!FB21 -> 46.178125 | AI26: ='dynamic scaling metrics'!FC21 -> 50.0375
R27: 0.25 | S27: ='dynamic scaling metrics'!DI27 -> 89.74359 | T27: ='dynamic scaling metrics'!DJ27 -> 86.75641 | U27: ='dynamic scaling metrics'!DK27 -> 83.153846 | V27: ='dynamic scaling metrics'!DL27 -> 69.75641 | W27: ='dynamic scaling metrics'!DM27 -> 73.692308 | X27: ='dynamic scaling metrics'!DN27 -> 63.217949 | Y27: ='dynamic scaling metrics'!DO27 -> 61.358974 | Z27: ='dynamic scaling metrics'!DP27 -> 54.064103
R28: 0.375 | S28: ='dynamic scaling metrics'!DQ27 -> 84.615385 | T28: ='dynamic scaling metrics'!DR27 -> 82.205128 | U28: ='dynamic scaling metrics'!DS27 -> 79.275641 | V28: ='dynamic scaling metrics'!DT27 -> 67.192308 | W28: ='dynamic scaling metrics'!DU27 -> 71.512821 | X28: ='dynamic scaling metrics'!DV27 -> 61.807692 | Y28: ='dynamic scaling metrics'!DW27 -> 61.326923 | Z28: ='dynamic scaling metrics'!DX27 -> 55.282051
R29: 0.5 | S29: ='dynamic scaling metrics'!DX27 -> 55.282051 | T29: ='dynamic scaling metrics'!DY27 -> 79.487179 | U29: ='dynamic scaling metrics'!DZ27 -> 77.653846 | V29: ='dynamic scaling metrics'!EA27 -> 75.397436 | W29: ='dynamic scaling metrics'!EB27 -> 64.628205 | X29: ='dynamic scaling metrics'!EC27 -> 69.333333 | Y29: ='dynamic scaling metrics'!ED27 -> 60.397436 | Z29: ='dynamic scaling metrics'!EE27 -> 61.294872 | AK29: =Q25 -> M1no4
R30: 0.625 | S30: ='dynamic scaling metrics'!EF27 -> 56.5 | T30: ='dynamic scaling metrics'!EG27 -> 74.358974 | U30: ='dynamic scaling metrics'!EH27 -> 73.102564 | V30: ='dynamic scaling metrics'!EI27 -> 71.519231 | W30: ='dynamic scaling metrics'!EJ27 -> 62.064103 | X30: ='dynamic scaling metrics'!EK27 -> 67.153846 | Y30: ='dynamic scaling metrics'!EL27 -> 58.987179 | Z30: ='dynamic scaling metrics'!EM27 -> 61.262821 | AB30: 0 | AC30: 0.125 | AD30: 0.25 | AE30: 0.375 | AF30: 0.5 | AG30: 0.625 | AH30: 0.75 | AI30: 0.875 | AK30: MainStream AI | AL30: =AVERAGE(U29:X30,AD31:AG31) -> 68.459936
Q31: M1no5 | R31: 0 | S31: ='dynamic scaling metrics'!CS33 -> 100 | T31: ='dynamic scaling metrics'!CT33 -> 95.810811 | U31: ='dynamic scaling metrics'!CU33 -> 90.810811 | V31: ='dynamic scaling metrics'!CV33 -> 74.72973 | W31: ='dynamic scaling metrics'!CW33 -> 77.837838 | X31: ='dynamic scaling metrics'!CX33 -> 65.810811 | Y31: ='dynamic scaling metrics'!CY33 -> 61.081081 | Z31: ='dynamic scaling metrics'!CZ33 -> 51.216216 | AA31: =AA25 -> 0.75 | AB31: ='dynamic scaling metrics'!EN27 -> 57.717949 | AC31: ='dynamic scaling metrics'!EO27 -> 69.230769 | AD31: ='dynamic scaling metrics'!EP27 -> 68.551282 | AE31: ='dynamic scaling metrics'!EQ27 -> 67.641026 | AF31: ='dynamic scaling metrics'!ER27 -> 59.5 | AG31: ='dynamic scaling metrics'!ES27 -> 64.974359 | AH31: ='dynamic scaling metrics'!ET27 -> 57.576923 | AI31: ='dynamic scaling metrics'!EU27 -> 61.230769
Q32: Weight | R32: 0.125 | S32: ='dynamic scaling metrics'!DA33 -> 92.905405 | T32: ='dynamic scaling metrics'!DB33 -> 89.302365 | U32: ='dynamic scaling metrics'!DC33 -> 84.984797 | V32: ='dynamic scaling metrics'!DD33 -> 70.423986 | W32: ='dynamic scaling metrics'!DE33 -> 73.72973 | X32: ='dynamic scaling metrics'!DF33 -> 62.670608 | Y32: ='dynamic scaling metrics'!DG33 -> 59.140203 | Z32: ='dynamic scaling metrics'!DH33 -> 50.535473 | AA32: =AA26 -> 0.875 | AB32: ='dynamic scaling metrics'!EV27 -> 58.935897 | AC32: ='dynamic scaling metrics'!EW27 -> 64.102564 | AD32: ='dynamic scaling metrics'!EX27 -> 64 | AE32: ='dynamic scaling metrics'!EY27 -> 63.762821 | AF32: ='dynamic scaling metrics'!EZ27 -> 56.935897 | AG32: ='dynamic scaling metrics'!FA27 -> 62.794872 | AH32: ='dynamic scaling metrics'!FB27 -> 56.166667 | AI32: ='dynamic scaling metrics'!FC27 -> 61.198718
R33: 0.25 | S33: ='dynamic scaling metrics'!DI33 -> 85.810811 | T33: ='dynamic scaling metrics'!DJ33 -> 82.793919 | U33: ='dynamic scaling metrics'!DK33 -> 79.158784 | V33: ='dynamic scaling metrics'!DL33 -> 66.118243 | W33: ='dynamic scaling metrics'!DM33 -> 69.621622 | X33: ='dynamic scaling metrics'!DN33 -> 59.530405 | Y33: ='dynamic scaling metrics'!DO33 -> 57.199324 | Z33: ='dynamic scaling metrics'!DP33 -> 49.85473
R34: 0.375 | S34: ='dynamic scaling metrics'!DQ33 -> 78.716216 | T34: ='dynamic scaling metrics'!DR33 -> 76.285473 | U34: ='dynamic scaling metrics'!DS33 -> 73.33277 | V34: ='dynamic scaling metrics'!DT33 -> 61.8125 | W34: ='dynamic scaling metrics'!DU33 -> 65.513514 | X34: ='dynamic scaling metrics'!DV33 -> 56.390203 | Y34: ='dynamic scaling metrics'!DW33 -> 55.258446 | Z34: ='dynamic scaling metrics'!DX33 -> 49.173986
R35: 0.5 | S35: ='dynamic scaling metrics'!DX33 -> 49.173986 | T35: ='dynamic scaling metrics'!DY33 -> 71.621622 | U35: ='dynamic scaling metrics'!DZ33 -> 69.777027 | V35: ='dynamic scaling metrics'!EA33 -> 67.506757 | W35: ='dynamic scaling metrics'!EB33 -> 57.506757 | X35: ='dynamic scaling metrics'!EC33 -> 61.405405 | Y35: ='dynamic scaling metrics'!ED33 -> 53.25 | Z35: ='dynamic scaling metrics'!EE33 -> 53.317568 | AK35: =Q31 -> M1no5
R36: 0.625 | S36: ='dynamic scaling metrics'!EF33 -> 48.493243 | T36: ='dynamic scaling metrics'!EG33 -> 64.527027 | U36: ='dynamic scaling metrics'!EH33 -> 63.268581 | V36: ='dynamic scaling metrics'!EI33 -> 61.680743 | W36: ='dynamic scaling metrics'!EJ33 -> 53.201014 | X36: ='dynamic scaling metrics'!EK33 -> 57.297297 | Y36: ='dynamic scaling metrics'!EL33 -> 50.109797 | Z36: ='dynamic scaling metrics'!EM33 -> 51.376689 | AB36: 0 | AC36: 0.125 | AD36: 0.25 | AE36: 0.375 | AF36: 0.5 | AG36: 0.625 | AH36: 0.75 | AI36: 0.875 | AK36: MainStream AI | AL36: =AVERAGE(U35:X36,AD37:AG37) -> 58.861909
Q37: M1no6 | R37: 0 | S37: ='dynamic scaling metrics'!CS39 -> 100 | T37: ='dynamic scaling metrics'!CT39 -> 95.75 | U37: ='dynamic scaling metrics'!CU39 -> 90.671053 | V37: ='dynamic scaling metrics'!CV39 -> 74.486842 | W37: ='dynamic scaling metrics'!CW39 -> 77.473684 | X37: ='dynamic scaling metrics'!CX39 -> 65.407895 | Y37: ='dynamic scaling metrics'!CY39 -> 60.407895 | Z37: ='dynamic scaling metrics'!CZ39 -> 50.355263 | AA37: =AA31 -> 0.75 | AB37: ='dynamic scaling metrics'!EN33 -> 47.8125 | AC37: ='dynamic scaling metrics'!EO33 -> 57.432432 | AD37: ='dynamic scaling metrics'!EP33 -> 56.760135 | AE37: ='dynamic scaling metrics'!EQ33 -> 55.85473 | AF37: ='dynamic scaling metrics'!ER33 -> 48.89527 | AG37: ='dynamic scaling metrics'!ES33 -> 53.189189 | AH37: ='dynamic scaling metrics'!ET33 -> 46.969595 | AI37: ='dynamic scaling metrics'!EU33 -> 49.435811
Q38: Weight | R38: 0.125 | S38: ='dynamic scaling metrics'!DA39 -> 92.763158 | T38: ='dynamic scaling metrics'!DB39 -> 89.105263 | U38: ='dynamic scaling metrics'!DC39 -> 84.717105 | V38: ='dynamic scaling metrics'!DD39 -> 70.078947 | W38: ='dynamic scaling metrics'!DE39 -> 73.263158 | X38: ='dynamic scaling metrics'!DF39 -> 62.184211 | Y38: ='dynamic scaling metrics'!DG39 -> 58.401316 | Z38: ='dynamic scaling metrics'!DH39 -> 49.631579 | AA38: =AA32 -> 0.875 | AB38: ='dynamic scaling metrics'!EV33 -> 47.131757 | AC38: ='dynamic scaling metrics'!EW33 -> 50.337838 | AD38: ='dynamic scaling metrics'!EX33 -> 50.251689 | AE38: ='dynamic scaling metrics'!EY33 -> 50.028716 | AF38: ='dynamic scaling metrics'!EZ33 -> 44.589527 | AG38: ='dynamic scaling metrics'!FA33 -> 49.081081 | AH38: ='dynamic scaling metrics'!FB33 -> 43.829392 | AI38: ='dynamic scaling metrics'!FC33 -> 47.494932
R39: 0.25 | S39: ='dynamic scaling metrics'!DI39 -> 85.526316 | T39: ='dynamic scaling metrics'!DJ39 -> 82.460526 | U39: ='dynamic scaling metrics'!DK39 -> 78.763158 | V39: ='dynamic scaling metrics'!DL39 -> 65.671053 | W39: ='dynamic scaling metrics'!DM39 -> 69.052632 | X39: ='dynamic scaling metrics'!DN39 -> 58.960526 | Y39: ='dynamic scaling metrics'!DO39 -> 56.394737 | Z39: ='dynamic scaling metrics'!DP39 -> 48.907895
R40: 0.375 | S40: ='dynamic scaling metrics'!DQ39 -> 78.289474 | T40: ='dynamic scaling metrics'!DR39 -> 75.815789 | U40: ='dynamic scaling metrics'!DS39 -> 72.809211 | V40: ='dynamic scaling metrics'!DT39 -> 61.263158 | W40: ='dynamic scaling metrics'!DU39 -> 64.842105 | X40: ='dynamic scaling metrics'!DV39 -> 55.736842 | Y40: ='dynamic scaling metrics'!DW39 -> 54.388158 | Z40: ='dynamic scaling metrics'!DX39 -> 48.184211
R41: 0.5 | S41: ='dynamic scaling metrics'!DX39 -> 48.184211 | T41: ='dynamic scaling metrics'!DY39 -> 71.052632 | U41: ='dynamic scaling metrics'!DZ39 -> 69.171053 | V41: ='dynamic scaling metrics'!EA39 -> 66.855263 | W41: ='dynamic scaling metrics'!EB39 -> 56.855263 | X41: ='dynamic scaling metrics'!EC39 -> 60.631579 | Y41: ='dynamic scaling metrics'!ED39 -> 52.513158 | Z41: ='dynamic scaling metrics'!EE39 -> 52.381579 | AK41: =Q37 -> M1no6
R42: 0.625 | S42: ='dynamic scaling metrics'!EF39 -> 47.460526 | T42: ='dynamic scaling metrics'!EG39 -> 63.815789 | U42: ='dynamic scaling metrics'!EH39 -> 62.526316 | V42: ='dynamic scaling metrics'!EI39 -> 60.901316 | W42: ='dynamic scaling metrics'!EJ39 -> 52.447368 | X42: ='dynamic scaling metrics'!EK39 -> 56.421053 | Y42: ='dynamic scaling metrics'!EL39 -> 49.289474 | Z42: ='dynamic scaling metrics'!EM39 -> 50.375 | AB42: 0 | AC42: 0.125 | AD42: 0.25 | AE42: 0.375 | AF42: 0.5 | AG42: 0.625 | AH42: 0.75 | AI42: 0.875 | AK42: MainStream AI | AL42: =AVERAGE(U41:X42,AD43:AG43) -> 58.074013
Q43: M1no7 | R43: 0 | S43: ='dynamic scaling metrics'!CS45 -> 100 | T43: ='dynamic scaling metrics'!CT45 -> 95.858974 | U43: ='dynamic scaling metrics'!CU45 -> 90.910256 | V43: ='dynamic scaling metrics'!CV45 -> 74.884615 | W43: ='dynamic scaling metrics'!CW45 -> 78.051282 | X43: ='dynamic scaling metrics'!CX45 -> 66.038462 | Y43: ='dynamic scaling metrics'!CY45 -> 61.423077 | Z43: ='dynamic scaling metrics'!CZ45 -> 51.628205 | AA43: =AA37 -> 0.75 | AB43: ='dynamic scaling metrics'!EN39 -> 46.736842 | AC43: ='dynamic scaling metrics'!EO39 -> 56.578947 | AD43: ='dynamic scaling metrics'!EP39 -> 55.881579 | AE43: ='dynamic scaling metrics'!EQ39 -> 54.947368 | AF43: ='dynamic scaling metrics'!ER39 -> 48.039474 | AG43: ='dynamic scaling metrics'!ES39 -> 52.210526 | AH43: ='dynamic scaling metrics'!ET39 -> 46.065789 | AI43: ='dynamic scaling metrics'!EU39 -> 48.368421
Q44: Weight | R44: 0.125 | S44: ='dynamic scaling metrics'!DA45 -> 95.192308 | T44: ='dynamic scaling metrics'!DB45 -> 91.56891 | U44: ='dynamic scaling metrics'!DC45 -> 87.238782 | V44: ='dynamic scaling metrics'!DD45 -> 72.447115 | W44: ='dynamic scaling metrics'!DE45 -> 75.987179 | X44: ='dynamic scaling metrics'!DF45 -> 64.706731 | Y44: ='dynamic scaling metrics'!DG45 -> 61.4375 | Z44: ='dynamic scaling metrics'!DH45 -> 52.866987 | AA44: =AA38 -> 0.875 | AB44: ='dynamic scaling metrics'!EV39 -> 46.013158 | AC44: ='dynamic scaling metrics'!EW39 -> 49.342105 | AD44: ='dynamic scaling metrics'!EX39 -> 49.236842 | AE44: ='dynamic scaling metrics'!EY39 -> 48.993421 | AF44: ='dynamic scaling metrics'!EZ39 -> 43.631579 | AG44: ='dynamic scaling metrics'!FA39 -> 48 | AH44: ='dynamic scaling metrics'!FB39 -> 42.842105 | AI44: ='dynamic scaling metrics'!FC39 -> 46.361842
R45: 0.25 | S45: ='dynamic scaling metrics'!DI45 -> 90.384615 | T45: ='dynamic scaling metrics'!DJ45 -> 87.278846 | U45: ='dynamic scaling metrics'!DK45 -> 83.567308 | V45: ='dynamic scaling metrics'!DL45 -> 70.009615 | W45: ='dynamic scaling metrics'!DM45 -> 73.923077 | X45: ='dynamic scaling metrics'!DN45 -> 63.375 | Y45: ='dynamic scaling metrics'!DO45 -> 61.451923 | Z45: ='dynamic scaling metrics'!DP45 -> 54.105769
R46: 0.375 | S46: ='dynamic scaling metrics'!DQ45 -> 85.576923 | T46: ='dynamic scaling metrics'!DR45 -> 82.988782 | U46: ='dynamic scaling metrics'!DS45 -> 79.895833 | V46: ='dynamic scaling metrics'!DT45 -> 67.572115 | W46: ='dynamic scaling metrics'!DU45 -> 71.858974 | X46: ='dynamic scaling metrics'!DV45 -> 62.043269 | Y46: ='dynamic scaling metrics'!DW45 -> 61.466346 | Z46: ='dynamic scaling metrics'!DX45 -> 55.344551
R47: 0.5 | S47: ='dynamic scaling metrics'!DX45 -> 55.344551 | T47: ='dynamic scaling metrics'!DY45 -> 80.769231 | U47: ='dynamic scaling metrics'!DZ45 -> 78.698718 | V47: ='dynamic scaling metrics'!EA45 -> 76.224359 | W47: ='dynamic scaling metrics'!EB45 -> 65.134615 | X47: ='dynamic scaling metrics'!EC45 -> 69.794872 | Y47: ='dynamic scaling metrics'!ED45 -> 60.711538 | Z47: ='dynamic scaling metrics'!EE45 -> 61.480769 | AK47: =Q43 -> M1no7
R48: 0.625 | S48: ='dynamic scaling metrics'!EF45 -> 56.583333 | T48: ='dynamic scaling metrics'!EG45 -> 75.961538 | U48: ='dynamic scaling metrics'!EH45 -> 74.408654 | V48: ='dynamic scaling metrics'!EI45 -> 72.552885 | W48: ='dynamic scaling metrics'!EJ45 -> 62.697115 | X48: ='dynamic scaling metrics'!EK45 -> 67.730769 | Y48: ='dynamic scaling metrics'!EL45 -> 59.379808 | Z48: ='dynamic scaling metrics'!EM45 -> 61.495192 | AB48: 0 | AC48: 0.125 | AD48: 0.25 | AE48: 0.375 | AF48: 0.5 | AG48: 0.625 | AH48: 0.75 | AI48: 0.875 | AK48: MainStream AI | AL48: =AVERAGE(U47:X48,AD49:AG49) -> 69.347356
Q49: M1no8 | R49: 0 | S49: ='dynamic scaling metrics'!CS51 -> 100 | T49: ='dynamic scaling metrics'!CT51 -> 95.858974 | U49: ='dynamic scaling metrics'!CU51 -> 90.910256 | V49: ='dynamic scaling metrics'!CV51 -> 74.884615 | W49: ='dynamic scaling metrics'!CW51 -> 78.051282 | X49: ='dynamic scaling metrics'!CX51 -> 66.038462 | Y49: ='dynamic scaling metrics'!CY51 -> 61.423077 | Z49: ='dynamic scaling metrics'!CZ51 -> 51.628205 | AA49: =AA43 -> 0.75 | AB49: ='dynamic scaling metrics'!EN45 -> 57.822115 | AC49: ='dynamic scaling metrics'!EO45 -> 71.153846 | AD49: ='dynamic scaling metrics'!EP45 -> 70.11859 | AE49: ='dynamic scaling metrics'!EQ45 -> 68.88141 | AF49: ='dynamic scaling metrics'!ER45 -> 60.259615 | AG49: ='dynamic scaling metrics'!ES45 -> 65.666667 | AH49: ='dynamic scaling metrics'!ET45 -> 58.048077 | AI49: ='dynamic scaling metrics'!EU45 -> 61.509615
Q50: Weight | R50: 0.125 | S50: ='dynamic scaling metrics'!DA51 -> 92.948718 | T50: ='dynamic scaling metrics'!DB51 -> 89.384615 | U50: ='dynamic scaling metrics'!DC51 -> 85.108974 | V50: ='dynamic scaling metrics'!DD51 -> 70.589744 | W50: ='dynamic scaling metrics'!DE51 -> 73.948718 | X50: ='dynamic scaling metrics'!DF51 -> 62.897436 | Y50: ='dynamic scaling metrics'!DG51 -> 59.467949 | Z50: ='dynamic scaling metrics'!DH51 -> 50.923077 | AA50: =AA44 -> 0.875 | AB50: ='dynamic scaling metrics'!EV45 -> 59.060897 | AC50: ='dynamic scaling metrics'!EW45 -> 66.346154 | AD50: ='dynamic scaling metrics'!EX45 -> 65.828526 | AE50: ='dynamic scaling metrics'!EY45 -> 65.209936 | AF50: ='dynamic scaling metrics'!EZ45 -> 57.822115 | AG50: ='dynamic scaling metrics'!FA45 -> 63.602564 | AH50: ='dynamic scaling metrics'!FB45 -> 56.716346 | AI50: ='dynamic scaling metrics'!FC45 -> 61.524038
R51: 0.25 | S51: ='dynamic scaling metrics'!DI51 -> 85.897436 | T51: ='dynamic scaling metrics'!DJ51 -> 82.910256 | U51: ='dynamic scaling metrics'!DK51 -> 79.307692 | V51: ='dynamic scaling metrics'!DL51 -> 66.294872 | W51: ='dynamic scaling metrics'!DM51 -> 69.846154 | X51: ='dynamic scaling metrics'!DN51 -> 59.75641 | Y51: ='dynamic scaling metrics'!DO51 -> 57.512821 | Z51: ='dynamic scaling metrics'!DP51 -> 50.217949
R52: 0.375 | S52: ='dynamic scaling metrics'!DQ51 -> 78.846154 | T52: ='dynamic scaling metrics'!DR51 -> 76.435897 | U52: ='dynamic scaling metrics'!DS51 -> 73.50641 | V52: ='dynamic scaling metrics'!DT51 -> 62 | W52: ='dynamic scaling metrics'!DU51 -> 65.74359 | X52: ='dynamic scaling metrics'!DV51 -> 56.615385 | Y52: ='dynamic scaling metrics'!DW51 -> 55.557692 | Z52: ='dynamic scaling metrics'!DX51 -> 49.512821
R53: 0.5 | S53: ='dynamic scaling metrics'!DX51 -> 49.512821 | T53: ='dynamic scaling metrics'!DY51 -> 71.794872 | U53: ='dynamic scaling metrics'!DZ51 -> 69.961538 | V53: ='dynamic scaling metrics'!EA51 -> 67.705128 | W53: ='dynamic scaling metrics'!EB51 -> 57.705128 | X53: ='dynamic scaling metrics'!EC51 -> 61.641026 | Y53: ='dynamic scaling metrics'!ED51 -> 53.474359 | Z53: ='dynamic scaling metrics'!EE51 -> 53.602564 | AK53: =Q49 -> M1no8
R54: 0.625 | S54: ='dynamic scaling metrics'!EF51 -> 48.807692 | T54: ='dynamic scaling metrics'!EG51 -> 64.74359 | U54: ='dynamic scaling metrics'!EH51 -> 63.487179 | V54: ='dynamic scaling metrics'!EI51 -> 61.903846 | W54: ='dynamic scaling metrics'!EJ51 -> 53.410256 | X54: ='dynamic scaling metrics'!EK51 -> 57.538462 | Y54: ='dynamic scaling metrics'!EL51 -> 50.333333 | Z54: ='dynamic scaling metrics'!EM51 -> 51.647436 | AB54: 0 | AC54: 0.125 | AD54: 0.25 | AE54: 0.375 | AF54: 0.5 | AG54: 0.625 | AH54: 0.75 | AI54: 0.875 | AK54: MainStream AI | AL54: =AVERAGE(U53:X54,AD55:AG55) -> 59.084936
Q55: M1no9 | R55: 0 | S55: ='dynamic scaling metrics'!CS57 -> 100 | T55: ='dynamic scaling metrics'!CT57 -> 96.425 | U55: ='dynamic scaling metrics'!CU57 -> 92.025 | V55: ='dynamic scaling metrics'!CV57 -> 76.525 | W55: ='dynamic scaling metrics'!CW57 -> 80.2 | X55: ='dynamic scaling metrics'!CX57 -> 68.275 | Y55: ='dynamic scaling metrics'!CY57 -> 64.525 | Z55: ='dynamic scaling metrics'!CZ57 -> 55.175 | AA55: =AA49 -> 0.75 | AB55: ='dynamic scaling metrics'!EN51 -> 48.102564 | AC55: ='dynamic scaling metrics'!EO51 -> 57.692308 | AD55: ='dynamic scaling metrics'!EP51 -> 57.012821 | AE55: ='dynamic scaling metrics'!EQ51 -> 56.102564 | AF55: ='dynamic scaling metrics'!ER51 -> 49.115385 | AG55: ='dynamic scaling metrics'!ES51 -> 53.435897 | AH55: ='dynamic scaling metrics'!ET51 -> 47.192308 | AI55: ='dynamic scaling metrics'!EU51 -> 49.692308
Q56: Weight | R56: 0.125 | S56: ='dynamic scaling metrics'!DA57 -> 93.4375 | T56: ='dynamic scaling metrics'!DB57 -> 90.367188 | U56: ='dynamic scaling metrics'!DC57 -> 86.570313 | V56: ='dynamic scaling metrics'!DD57 -> 72.460938 | W56: ='dynamic scaling metrics'!DE57 -> 76.3125 | X56: ='dynamic scaling metrics'!DF57 -> 65.289062 | Y56: ='dynamic scaling metrics'!DG57 -> 62.664063 | Z56: ='dynamic scaling metrics'!DH57 -> 54.507812 | AA56: =AA50 -> 0.875 | AB56: ='dynamic scaling metrics'!EV51 -> 47.397436 | AC56: ='dynamic scaling metrics'!EW51 -> 50.641026 | AD56: ='dynamic scaling metrics'!EX51 -> 50.538462 | AE56: ='dynamic scaling metrics'!EY51 -> 50.301282 | AF56: ='dynamic scaling metrics'!EZ51 -> 44.820513 | AG56: ='dynamic scaling metrics'!FA51 -> 49.333333 | AH56: ='dynamic scaling metrics'!FB51 -> 44.051282 | AI56: ='dynamic scaling metrics'!FC51 -> 47.737179
R57: 0.25 | S57: ='dynamic scaling metrics'!DI57 -> 86.875 | T57: ='dynamic scaling metrics'!DJ57 -> 84.309375 | U57: ='dynamic scaling metrics'!DK57 -> 81.115625 | V57: ='dynamic scaling metrics'!DL57 -> 68.396875 | W57: ='dynamic scaling metrics'!DM57 -> 72.425 | X57: ='dynamic scaling metrics'!DN57 -> 62.303125 | Y57: ='dynamic scaling metrics'!DO57 -> 60.803125 | Z57: ='dynamic scaling metrics'!DP57 -> 53.840625
R58: 0.375 | S58: ='dynamic scaling metrics'!DQ57 -> 80.3125 | T58: ='dynamic scaling metrics'!DR57 -> 78.251563 | U58: ='dynamic scaling metrics'!DS57 -> 75.660938 | V58: ='dynamic scaling metrics'!DT57 -> 64.332813 | W58: ='dynamic scaling metrics'!DU57 -> 68.5375 | X58: ='dynamic scaling metrics'!DV57 -> 59.317188 | Y58: ='dynamic scaling metrics'!DW57 -> 58.942188 | Z58: ='dynamic scaling metrics'!DX57 -> 53.173437
R59: 0.5 | S59: ='dynamic scaling metrics'!DX57 -> 53.173437 | T59: ='dynamic scaling metrics'!DY57 -> 73.75 | U59: ='dynamic scaling metrics'!DZ57 -> 72.19375 | V59: ='dynamic scaling metrics'!EA57 -> 70.20625 | W59: ='dynamic scaling metrics'!EB57 -> 60.26875 | X59: ='dynamic scaling metrics'!EC57 -> 64.65 | Y59: ='dynamic scaling metrics'!ED57 -> 56.33125 | Z59: ='dynamic scaling metrics'!EE57 -> 57.08125 | AK59: =Q55 -> M1no9
R60: 0.625 | S60: ='dynamic scaling metrics'!EF57 -> 52.50625 | T60: ='dynamic scaling metrics'!EG57 -> 67.1875 | U60: ='dynamic scaling metrics'!EH57 -> 66.135937 | V60: ='dynamic scaling metrics'!EI57 -> 64.751562 | W60: ='dynamic scaling metrics'!EJ57 -> 56.204687 | X60: ='dynamic scaling metrics'!EK57 -> 60.7625 | Y60: ='dynamic scaling metrics'!EL57 -> 53.345312 | Z60: ='dynamic scaling metrics'!EM57 -> 55.220312 | AB60: 0 | AC60: 0.125 | AD60: 0.25 | AE60: 0.375 | AF60: 0.5 | AG60: 0.625 | AH60: 0.75 | AI60: 0.875 | AK60: MainStream AI | AL60: =AVERAGE(U59:X60,AD61:AG61) -> 61.963672
Q61: M2no1 | R61: 0 | S61: ='dynamic scaling metrics'!CS63 -> 100 | T61: ='dynamic scaling metrics'!CT63 -> 97.4375 | U61: ='dynamic scaling metrics'!CU63 -> 93.5625 | V61: ='dynamic scaling metrics'!CV63 -> 77.9375 | W61: ='dynamic scaling metrics'!CW63 -> 81 | X61: ='dynamic scaling metrics'!CX63 -> 68.5625 | Y61: ='dynamic scaling metrics'!CY63 -> 62.3125 | Z61: ='dynamic scaling metrics'!CZ63 -> 50.5625 | AA61: =AA55 -> 0.75 | AB61: ='dynamic scaling metrics'!EN57 -> 51.839062 | AC61: ='dynamic scaling metrics'!EO57 -> 60.625 | AD61: ='dynamic scaling metrics'!EP57 -> 60.078125 | AE61: ='dynamic scaling metrics'!EQ57 -> 59.296875 | AF61: ='dynamic scaling metrics'!ER57 -> 52.140625 | AG61: ='dynamic scaling metrics'!ES57 -> 56.875 | AH61: ='dynamic scaling metrics'!ET57 -> 50.359375 | AI61: ='dynamic scaling metrics'!EU57 -> 53.359375
Q62: Weight | R62: 0.125 | S62: ='dynamic scaling metrics'!DA63 -> 93.75 | T62: ='dynamic scaling metrics'!DB63 -> 91.652344 | U62: ='dynamic scaling metrics'!DC63 -> 88.394531 | V62: ='dynamic scaling metrics'!DD63 -> 74.214844 | W62: ='dynamic scaling metrics'!DE63 -> 77.625 | X62: ='dynamic scaling metrics'!DF63 -> 66.128906 | Y62: ='dynamic scaling metrics'!DG63 -> 61.441406 | Z62: ='dynamic scaling metrics'!DH63 -> 51.222656 | AA62: =AA56 -> 0.875 | AB62: ='dynamic scaling metrics'!EV57 -> 51.171875 | AC62: ='dynamic scaling metrics'!EW57 -> 54.0625 | AD62: ='dynamic scaling metrics'!EX57 -> 54.020313 | AE62: ='dynamic scaling metrics'!EY57 -> 53.842188 | AF62: ='dynamic scaling metrics'!EZ57 -> 48.076563 | AG62: ='dynamic scaling metrics'!FA57 -> 52.9875 | AH62: ='dynamic scaling metrics'!FB57 -> 47.373438 | AI62: ='dynamic scaling metrics'!FC57 -> 51.498438
R63: 0.25 | S63: ='dynamic scaling metrics'!DI63 -> 87.5 | T63: ='dynamic scaling metrics'!DJ63 -> 85.867187 | U63: ='dynamic scaling metrics'!DK63 -> 83.226562 | V63: ='dynamic scaling metrics'!DL63 -> 70.492188 | W63: ='dynamic scaling metrics'!DM63 -> 74.25 | X63: ='dynamic scaling metrics'!DN63 -> 63.695312 | Y63: ='dynamic scaling metrics'!DO63 -> 60.570312 | Z63: ='dynamic scaling metrics'!DP63 -> 51.882812
R64: 0.375 | S64: ='dynamic scaling metrics'!DQ63 -> 81.25 | T64: ='dynamic scaling metrics'!DR63 -> 80.082031 | U64: ='dynamic scaling metrics'!DS63 -> 78.058594 | V64: ='dynamic scaling metrics'!DT63 -> 66.769531 | W64: ='dynamic scaling metrics'!DU63 -> 70.875 | X64: ='dynamic scaling metrics'!DV63 -> 61.261719 | Y64: ='dynamic scaling metrics'!DW63 -> 59.699219 | Z64: ='dynamic scaling metrics'!DX63 -> 52.542969
R65: 0.5 | S65: ='dynamic scaling metrics'!DX63 -> 52.542969 | T65: ='dynamic scaling metrics'!DY63 -> 75 | U65: ='dynamic scaling metrics'!DZ63 -> 74.296875 | V65: ='dynamic scaling metrics'!EA63 -> 72.890625 | W65: ='dynamic scaling metrics'!EB63 -> 63.046875 | X65: ='dynamic scaling metrics'!EC63 -> 67.5 | Y65: ='dynamic scaling metrics'!ED63 -> 58.828125 | Z65: ='dynamic scaling metrics'!EE63 -> 58.828125 | AK65: =Q61 -> M2no1
R66: 0.625 | S66: ='dynamic scaling metrics'!EF63 -> 53.203125 | T66: ='dynamic scaling metrics'!EG63 -> 68.75 | U66: ='dynamic scaling metrics'!EH63 -> 68.511719 | V66: ='dynamic scaling metrics'!EI63 -> 67.722656 | W66: ='dynamic scaling metrics'!EJ63 -> 59.324219 | X66: ='dynamic scaling metrics'!EK63 -> 64.125 | Y66: ='dynamic scaling metrics'!EL63 -> 56.394531 | Z66: ='dynamic scaling metrics'!EM63 -> 57.957031 | AB66: 0 | AC66: 0.125 | AD66: 0.25 | AE66: 0.375 | AF66: 0.5 | AG66: 0.625 | AH66: 0.75 | AI66: 0.875 | AK66: MainStream AI | AL66: =AVERAGE(U65:X66,AD67:AG67) -> 64.920898
Q67: M2no2 | R67: 0 | S67: ='dynamic scaling metrics'!CS69 -> 100 | T67: ='dynamic scaling metrics'!CT69 -> 97.958333 | U67: ='dynamic scaling metrics'!CU69 -> 94.604167 | V67: ='dynamic scaling metrics'!CV69 -> 79.5 | W67: ='dynamic scaling metrics'!CW69 -> 83.083333 | X67: ='dynamic scaling metrics'!CX69 -> 70.75 | Y67: ='dynamic scaling metrics'!CY69 -> 65.4375 | Z67: ='dynamic scaling metrics'!CZ69 -> 54.208333 | AA67: =AA61 -> 0.75 | AB67: ='dynamic scaling metrics'!EN63 -> 53.863281 | AC67: ='dynamic scaling metrics'!EO63 -> 62.5 | AD67: ='dynamic scaling metrics'!EP63 -> 62.726562 | AE67: ='dynamic scaling metrics'!EQ63 -> 62.554688 | AF67: ='dynamic scaling metrics'!ER63 -> 55.601563 | AG67: ='dynamic scaling metrics'!ES63 -> 60.75 | AH67: ='dynamic scaling metrics'!ET63 -> 53.960937 | AI67: ='dynamic scaling metrics'!EU63 -> 57.085938
Q68: Weight | R68: 0.125 | S68: ='dynamic scaling metrics'!DA69 -> 92.447917 | T68: ='dynamic scaling metrics'!DB69 -> 90.709635 | U68: ='dynamic scaling metrics'!DC69 -> 87.81901 | V68: ='dynamic scaling metrics'!DD69 -> 74.147135 | W68: ='dynamic scaling metrics'!DE69 -> 77.8125 | X68: ='dynamic scaling metrics'!DF69 -> 66.529948 | Y68: ='dynamic scaling metrics'!DG69 -> 62.428385 | Z68: ='dynamic scaling metrics'!DH69 -> 52.623698 | AA68: =AA62 -> 0.875 | AB68: ='dynamic scaling metrics'!EV63 -> 54.523437 | AC68: ='dynamic scaling metrics'!EW63 -> 56.25 | AD68: ='dynamic scaling metrics'!EX63 -> 56.941406 | AE68: ='dynamic scaling metrics'!EY63 -> 57.386719 | AF68: ='dynamic scaling metrics'!EZ63 -> 51.878906 | AG68: ='dynamic scaling metrics'!FA63 -> 57.375 | AH68: ='dynamic scaling metrics'!FB63 -> 51.527344 | AI68: ='dynamic scaling metrics'!FC63 -> 56.214844
R69: 0.25 | S69: ='dynamic scaling metrics'!DI69 -> 84.895833 | T69: ='dynamic scaling metrics'!DJ69 -> 83.460938 | U69: ='dynamic scaling metrics'!DK69 -> 81.033854 | V69: ='dynamic scaling metrics'!DL69 -> 68.794271 | W69: ='dynamic scaling metrics'!DM69 -> 72.541667 | X69: ='dynamic scaling metrics'!DN69 -> 62.309896 | Y69: ='dynamic scaling metrics'!DO69 -> 59.419271 | Z69: ='dynamic scaling metrics'!DP69 -> 51.039062
R70: 0.375 | S70: ='dynamic scaling metrics'!DQ69 -> 77.34375 | T70: ='dynamic scaling metrics'!DR69 -> 76.21224 | U70: ='dynamic scaling metrics'!DS69 -> 74.248698 | V70: ='dynamic scaling metrics'!DT69 -> 63.441406 | W70: ='dynamic scaling metrics'!DU69 -> 67.270833 | X70: ='dynamic scaling metrics'!DV69 -> 58.089844 | Y70: ='dynamic scaling metrics'!DW69 -> 56.410156 | Z70: ='dynamic scaling metrics'!DX69 -> 49.454427
R71: 0.5 | S71: ='dynamic scaling metrics'!DX69 -> 49.454427 | T71: ='dynamic scaling metrics'!DY69 -> 69.791667 | U71: ='dynamic scaling metrics'!DZ69 -> 68.963542 | V71: ='dynamic scaling metrics'!EA69 -> 67.463542 | W71: ='dynamic scaling metrics'!EB69 -> 58.088542 | X71: ='dynamic scaling metrics'!EC69 -> 62 | Y71: ='dynamic scaling metrics'!ED69 -> 53.869792 | Z71: ='dynamic scaling metrics'!EE69 -> 53.401042 | AK71: =Q67 -> M2no2
R72: 0.625 | S72: ='dynamic scaling metrics'!EF69 -> 47.869792 | T72: ='dynamic scaling metrics'!EG69 -> 62.239583 | U72: ='dynamic scaling metrics'!EH69 -> 61.714844 | V72: ='dynamic scaling metrics'!EI69 -> 60.678385 | W72: ='dynamic scaling metrics'!EJ69 -> 52.735677 | X72: ='dynamic scaling metrics'!EK69 -> 56.729167 | Y72: ='dynamic scaling metrics'!EL69 -> 49.64974 | Z72: ='dynamic scaling metrics'!EM69 -> 50.391927 | AB72: 0 | AC72: 0.125 | AD72: 0.25 | AE72: 0.375 | AF72: 0.5 | AG72: 0.625 | AH72: 0.75 | AI72: 0.875 | AK72: MainStream AI | AL72: =AVERAGE(U71:X72,AD73:AG73) -> 57.964518
Q73: M2no3 | R73: 0 | S73: ='dynamic scaling metrics'!CS75 -> 100 | T73: ='dynamic scaling metrics'!CT75 -> 97.958333 | U73: ='dynamic scaling metrics'!CU75 -> 94.604167 | V73: ='dynamic scaling metrics'!CV75 -> 79.5 | W73: ='dynamic scaling metrics'!CW75 -> 83.083333 | X73: ='dynamic scaling metrics'!CX75 -> 70.75 | Y73: ='dynamic scaling metrics'!CY75 -> 65.4375 | Z73: ='dynamic scaling metrics'!CZ75 -> 54.208333 | AA73: =AA67 -> 0.75 | AB73: ='dynamic scaling metrics'!EN69 -> 46.285156 | AC73: ='dynamic scaling metrics'!EO69 -> 54.6875 | AD73: ='dynamic scaling metrics'!EP69 -> 54.466146 | AE73: ='dynamic scaling metrics'!EQ69 -> 53.893229 | AF73: ='dynamic scaling metrics'!ER69 -> 47.382812 | AG73: ='dynamic scaling metrics'!ES69 -> 51.458333 | AH73: ='dynamic scaling metrics'!ET69 -> 45.429687 | AI73: ='dynamic scaling metrics'!EU69 -> 47.382812
Q74: Weight | R74: 0.125 | S74: ='dynamic scaling metrics'!DA75 -> 92.447917 | T74: ='dynamic scaling metrics'!DB75 -> 90.709635 | U74: ='dynamic scaling metrics'!DC75 -> 87.81901 | V74: ='dynamic scaling metrics'!DD75 -> 74.147135 | W74: ='dynamic scaling metrics'!DE75 -> 77.8125 | X74: ='dynamic scaling metrics'!DF75 -> 66.529948 | Y74: ='dynamic scaling metrics'!DG75 -> 62.428385 | Z74: ='dynamic scaling metrics'!DH75 -> 52.623698 | AA74: =AA68 -> 0.875 | AB74: ='dynamic scaling metrics'!EV69 -> 44.700521 | AC74: ='dynamic scaling metrics'!EW69 -> 47.135417 | AD74: ='dynamic scaling metrics'!EX69 -> 47.217448 | AE74: ='dynamic scaling metrics'!EY69 -> 47.108073 | AF74: ='dynamic scaling metrics'!EZ69 -> 42.029948 | AG74: ='dynamic scaling metrics'!FA69 -> 46.1875 | AH74: ='dynamic scaling metrics'!FB69 -> 41.209635 | AI74: ='dynamic scaling metrics'!FC69 -> 44.373698
R75: 0.25 | S75: ='dynamic scaling metrics'!DI75 -> 84.895833 | T75: ='dynamic scaling metrics'!DJ75 -> 83.460938 | U75: ='dynamic scaling metrics'!DK75 -> 81.033854 | V75: ='dynamic scaling metrics'!DL75 -> 68.794271 | W75: ='dynamic scaling metrics'!DM75 -> 72.541667 | X75: ='dynamic scaling metrics'!DN75 -> 62.309896 | Y75: ='dynamic scaling metrics'!DO75 -> 59.419271 | Z75: ='dynamic scaling metrics'!DP75 -> 51.039062
R76: 0.375 | S76: ='dynamic scaling metrics'!DQ75 -> 77.34375 | T76: ='dynamic scaling metrics'!DR75 -> 76.21224 | U76: ='dynamic scaling metrics'!DS75 -> 74.248698 | V76: ='dynamic scaling metrics'!DT75 -> 63.441406 | W76: ='dynamic scaling metrics'!DU75 -> 67.270833 | X76: ='dynamic scaling metrics'!DV75 -> 58.089844 | Y76: ='dynamic scaling metrics'!DW75 -> 56.410156 | Z76: ='dynamic scaling metrics'!DX75 -> 49.454427
R77: 0.5 | S77: ='dynamic scaling metrics'!DX75 -> 49.454427 | T77: ='dynamic scaling metrics'!DY75 -> 69.791667 | U77: ='dynamic scaling metrics'!DZ75 -> 68.963542 | V77: ='dynamic scaling metrics'!EA75 -> 67.463542 | W77: ='dynamic scaling metrics'!EB75 -> 58.088542 | X77: ='dynamic scaling metrics'!EC75 -> 62 | Y77: ='dynamic scaling metrics'!ED75 -> 53.869792 | Z77: ='dynamic scaling metrics'!EE75 -> 53.401042 | AK77: =Q73 -> M2no3
R78: 0.625 | S78: ='dynamic scaling metrics'!EF75 -> 47.869792 | T78: ='dynamic scaling metrics'!EG75 -> 62.239583 | U78: ='dynamic scaling metrics'!EH75 -> 61.714844 | V78: ='dynamic scaling metrics'!EI75 -> 60.678385 | W78: ='dynamic scaling metrics'!EJ75 -> 52.735677 | X78: ='dynamic scaling metrics'!EK75 -> 56.729167 | Y78: ='dynamic scaling metrics'!EL75 -> 49.64974 | Z78: ='dynamic scaling metrics'!EM75 -> 50.391927 | AB78: 0 | AC78: 0.125 | AD78: 0.25 | AE78: 0.375 | AF78: 0.5 | AG78: 0.625 | AH78: 0.75 | AI78: 0.875 | AK78: MainStream AI | AL78: =AVERAGE(U77:X78,AD79:AG79) -> 57.964518
Q79: M2no4 | R79: 0 | S79: ='dynamic scaling metrics'!CS81 -> 100 | T79: ='dynamic scaling metrics'!CT81 -> 94.663265 | U79: ='dynamic scaling metrics'!CU81 -> 88.683673 | V79: ='dynamic scaling metrics'!CV81 -> 71.846939 | W79: ='dynamic scaling metrics'!CW81 -> 74.367347 | X79: ='dynamic scaling metrics'!CX81 -> 62.357143 | Y79: ='dynamic scaling metrics'!CY81 -> 57.05102 | Z79: ='dynamic scaling metrics'!CZ81 -> 47.214286 | AA79: =AA73 -> 0.75 | AB79: ='dynamic scaling metrics'!EN75 -> 46.285156 | AC79: ='dynamic scaling metrics'!EO75 -> 54.6875 | AD79: ='dynamic scaling metrics'!EP75 -> 54.466146 | AE79: ='dynamic scaling metrics'!EQ75 -> 53.893229 | AF79: ='dynamic scaling metrics'!ER75 -> 47.382812 | AG79: ='dynamic scaling metrics'!ES75 -> 51.458333 | AH79: ='dynamic scaling metrics'!ET75 -> 45.429687 | AI79: ='dynamic scaling metrics'!EU75 -> 47.382812
Q80: Weight | R80: 0.125 | S80: ='dynamic scaling metrics'!DA81 -> 94.132653 | T80: ='dynamic scaling metrics'!DB81 -> 89.46301 | U80: ='dynamic scaling metrics'!DC81 -> 84.230867 | V80: ='dynamic scaling metrics'!DD81 -> 68.835459 | W80: ='dynamic scaling metrics'!DE81 -> 71.704082 | X80: ='dynamic scaling metrics'!DF81 -> 60.531888 | Y80: ='dynamic scaling metrics'!DG81 -> 56.552296 | Z80: ='dynamic scaling metrics'!DH81 -> 47.945153 | AA80: =AA74 -> 0.875 | AB80: ='dynamic scaling metrics'!EV75 -> 44.700521 | AC80: ='dynamic scaling metrics'!EW75 -> 47.135417 | AD80: ='dynamic scaling metrics'!EX75 -> 47.217448 | AE80: ='dynamic scaling metrics'!EY75 -> 47.108073 | AF80: ='dynamic scaling metrics'!EZ75 -> 42.029948 | AG80: ='dynamic scaling metrics'!FA75 -> 46.1875 | AH80: ='dynamic scaling metrics'!FB75 -> 41.209635 | AI80: ='dynamic scaling metrics'!FC75 -> 44.373698
R81: 0.25 | S81: ='dynamic scaling metrics'!DI81 -> 88.265306 | T81: ='dynamic scaling metrics'!DJ81 -> 84.262755 | U81: ='dynamic scaling metrics'!DK81 -> 79.778061 | V81: ='dynamic scaling metrics'!DL81 -> 65.82398 | W81: ='dynamic scaling metrics'!DM81 -> 69.040816 | X81: ='dynamic scaling metrics'!DN81 -> 58.706633 | Y81: ='dynamic scaling metrics'!DO81 -> 56.053571 | Z81: ='dynamic scaling metrics'!DP81 -> 48.67602
R82: 0.375 | S82: ='dynamic scaling metrics'!DQ81 -> 82.397959 | T82: ='dynamic scaling metrics'!DR81 -> 79.0625 | U82: ='dynamic scaling metrics'!DS81 -> 75.325255 | V82: ='dynamic scaling metrics'!DT81 -> 62.8125 | W82: ='dynamic scaling metrics'!DU81 -> 66.377551 | X82: ='dynamic scaling metrics'!DV81 -> 56.881378 | Y82: ='dynamic scaling metrics'!DW81 -> 55.554847 | Z82: ='dynamic scaling metrics'!DX81 -> 49.406888
R83: 0.5 | S83: ='dynamic scaling metrics'!DX81 -> 49.406888 | T83: ='dynamic scaling metrics'!DY81 -> 76.530612 | U83: ='dynamic scaling metrics'!DZ81 -> 73.862245 | V83: ='dynamic scaling metrics'!EA81 -> 70.872449 | W83: ='dynamic scaling metrics'!EB81 -> 59.80102 | X83: ='dynamic scaling metrics'!EC81 -> 63.714286 | Y83: ='dynamic scaling metrics'!ED81 -> 55.056122 | Z83: ='dynamic scaling metrics'!EE81 -> 55.056122 | AK83: =Q79 -> M2no4
R84: 0.625 | S84: ='dynamic scaling metrics'!EF81 -> 50.137755 | T84: ='dynamic scaling metrics'!EG81 -> 70.663265 | U84: ='dynamic scaling metrics'!EH81 -> 68.66199 | V84: ='dynamic scaling metrics'!EI81 -> 66.419643 | W84: ='dynamic scaling metrics'!EJ81 -> 56.789541 | X84: ='dynamic scaling metrics'!EK81 -> 61.05102 | Y84: ='dynamic scaling metrics'!EL81 -> 53.230867 | Z84: ='dynamic scaling metrics'!EM81 -> 54.557398 | AB84: 0 | AC84: 0.125 | AD84: 0.25 | AE84: 0.375 | AF84: 0.5 | AG84: 0.625 | AH84: 0.75 | AI84: 0.875 | AK84: MainStream AI | AL84: =AVERAGE(U83:X84,AD85:AG85) -> 63.230548
Q85: M2no5 | R85: 0 | S85: ='dynamic scaling metrics'!CS87 -> 100 | T85: ='dynamic scaling metrics'!CT87 -> 94.552083 | U85: ='dynamic scaling metrics'!CU87 -> 88.447917 | V85: ='dynamic scaling metrics'!CV87 -> 71.46875 | W85: ='dynamic scaling metrics'!CW87 -> 73.833333 | X85: ='dynamic scaling metrics'!CX87 -> 61.78125 | Y85: ='dynamic scaling metrics'!CY87 -> 56.15625 | Z85: ='dynamic scaling metrics'!CZ87 -> 46.114583 | AA85: =AA79 -> 0.75 | AB85: ='dynamic scaling metrics'!EN81 -> 50.868622 | AC85: ='dynamic scaling metrics'!EO81 -> 64.795918 | AD85: ='dynamic scaling metrics'!EP81 -> 63.461735 | AE85: ='dynamic scaling metrics'!EQ81 -> 61.966837 | AF85: ='dynamic scaling metrics'!ER81 -> 53.778061 | AG85: ='dynamic scaling metrics'!ES81 -> 58.387755 | AH85: ='dynamic scaling metrics'!ET81 -> 51.405612 | AI85: ='dynamic scaling metrics'!EU81 -> 54.058673
Q86: Weight | R86: 0.125 | S86: ='dynamic scaling metrics'!DA87 -> 92.447917 | T86: ='dynamic scaling metrics'!DB87 -> 87.68099 | U86: ='dynamic scaling metrics'!DC87 -> 82.339844 | V86: ='dynamic scaling metrics'!DD87 -> 66.988281 | W86: ='dynamic scaling metrics'!DE87 -> 69.552083 | X86: ='dynamic scaling metrics'!DF87 -> 58.511719 | Y86: ='dynamic scaling metrics'!DG87 -> 54.084635 | Z86: ='dynamic scaling metrics'!DH87 -> 45.298177 | AA86: =AA80 -> 0.875 | AB86: ='dynamic scaling metrics'!EV81 -> 51.59949 | AC86: ='dynamic scaling metrics'!EW81 -> 58.928571 | AD86: ='dynamic scaling metrics'!EX81 -> 58.26148 | AE86: ='dynamic scaling metrics'!EY81 -> 57.514031 | AF86: ='dynamic scaling metrics'!EZ81 -> 50.766582 | AG86: ='dynamic scaling metrics'!FA81 -> 55.72449 | AH86: ='dynamic scaling metrics'!FB81 -> 49.580357 | AI86: ='dynamic scaling metrics'!FC81 -> 53.559949
R87: 0.25 | S87: ='dynamic scaling metrics'!DI87 -> 84.895833 | T87: ='dynamic scaling metrics'!DJ87 -> 80.809896 | U87: ='dynamic scaling metrics'!DK87 -> 76.231771 | V87: ='dynamic scaling metrics'!DL87 -> 62.507812 | W87: ='dynamic scaling metrics'!DM87 -> 65.270833 | X87: ='dynamic scaling metrics'!DN87 -> 55.242188 | Y87: ='dynamic scaling metrics'!DO87 -> 52.013021 | Z87: ='dynamic scaling metrics'!DP87 -> 44.481771
R88: 0.375 | S88: ='dynamic scaling metrics'!DQ87 -> 77.34375 | T88: ='dynamic scaling metrics'!DR87 -> 73.938802 | U88: ='dynamic scaling metrics'!DS87 -> 70.123698 | V88: ='dynamic scaling metrics'!DT87 -> 58.027344 | W88: ='dynamic scaling metrics'!DU87 -> 60.989583 | X88: ='dynamic scaling metrics'!DV87 -> 51.972656 | Y88: ='dynamic scaling metrics'!DW87 -> 49.941406 | Z88: ='dynamic scaling metrics'!DX87 -> 43.665365
R89: 0.5 | S89: ='dynamic scaling metrics'!DX87 -> 43.665365 | T89: ='dynamic scaling metrics'!DY87 -> 69.791667 | U89: ='dynamic scaling metrics'!DZ87 -> 67.067708 | V89: ='dynamic scaling metrics'!EA87 -> 64.015625 | W89: ='dynamic scaling metrics'!EB87 -> 53.546875 | X89: ='dynamic scaling metrics'!EC87 -> 56.708333 | Y89: ='dynamic scaling metrics'!ED87 -> 48.703125 | Z89: ='dynamic scaling metrics'!EE87 -> 47.869792 | AK89: =Q85 -> M2no5
R90: 0.625 | S90: ='dynamic scaling metrics'!EF87 -> 42.848958 | T90: ='dynamic scaling metrics'!EG87 -> 62.239583 | U90: ='dynamic scaling metrics'!EH87 -> 60.196615 | V90: ='dynamic scaling metrics'!EI87 -> 57.907552 | W90: ='dynamic scaling metrics'!EJ87 -> 49.066406 | X90: ='dynamic scaling metrics'!EK87 -> 52.427083 | Y90: ='dynamic scaling metrics'!EL87 -> 45.433594 | Z90: ='dynamic scaling metrics'!EM87 -> 45.798177 | AB90: 0 | AC90: 0.125 | AD90: 0.25 | AE90: 0.375 | AF90: 0.5 | AG90: 0.625 | AH90: 0.75 | AI90: 0.875 | AK90: MainStream AI | AL90: =AVERAGE(U89:X90,AD91:AG91) -> 54.899414
Q91: M2no6 | R91: 0 | S91: ='dynamic scaling metrics'!CS93 -> 100 | T91: ='dynamic scaling metrics'!CT93 -> 94.9375 | U91: ='dynamic scaling metrics'!CU93 -> 89.1875 | V91: ='dynamic scaling metrics'!CV93 -> 72.520833 | W91: ='dynamic scaling metrics'!CW93 -> 75.166667 | X91: ='dynamic scaling metrics'!CX93 -> 63.145833 | Y91: ='dynamic scaling metrics'!CY93 -> 57.9375 | Z91: ='dynamic scaling metrics'!CZ93 -> 48.0625 | AA91: =AA85 -> 0.75 | AB91: ='dynamic scaling metrics'!EN87 -> 42.032552 | AC91: ='dynamic scaling metrics'!EO87 -> 54.6875 | AD91: ='dynamic scaling metrics'!EP87 -> 53.325521 | AE91: ='dynamic scaling metrics'!EQ87 -> 51.799479 | AF91: ='dynamic scaling metrics'!ER87 -> 44.585937 | AG91: ='dynamic scaling metrics'!ES87 -> 48.145833 | AH91: ='dynamic scaling metrics'!ET87 -> 42.164062 | AI91: ='dynamic scaling metrics'!EU87 -> 43.726562
Q92: Weight | R92: 0.125 | S92: ='dynamic scaling metrics'!DA93 -> 92.447917 | T92: ='dynamic scaling metrics'!DB93 -> 88.066406 | U92: ='dynamic scaling metrics'!DC93 -> 83.079427 | V92: ='dynamic scaling metrics'!DD93 -> 68.040365 | W92: ='dynamic scaling metrics'!DE93 -> 70.885417 | X92: ='dynamic scaling metrics'!DF93 -> 59.876302 | Y92: ='dynamic scaling metrics'!DG93 -> 55.865885 | Z92: ='dynamic scaling metrics'!DH93 -> 47.246094 | AA92: =AA86 -> 0.875 | AB92: ='dynamic scaling metrics'!EV87 -> 41.216146 | AC92: ='dynamic scaling metrics'!EW87 -> 47.135417 | AD92: ='dynamic scaling metrics'!EX87 -> 46.454427 | AE92: ='dynamic scaling metrics'!EY87 -> 45.691406 | AF92: ='dynamic scaling metrics'!EZ87 -> 40.105469 | AG92: ='dynamic scaling metrics'!FA87 -> 43.864583 | AH92: ='dynamic scaling metrics'!FB87 -> 38.894531 | AI92: ='dynamic scaling metrics'!FC87 -> 41.654948
R93: 0.25 | S93: ='dynamic scaling metrics'!DI93 -> 84.895833 | T93: ='dynamic scaling metrics'!DJ93 -> 81.195312 | U93: ='dynamic scaling metrics'!DK93 -> 76.971354 | V93: ='dynamic scaling metrics'!DL93 -> 63.559896 | W93: ='dynamic scaling metrics'!DM93 -> 66.604167 | X93: ='dynamic scaling metrics'!DN93 -> 56.606771 | Y93: ='dynamic scaling metrics'!DO93 -> 53.794271 | Z93: ='dynamic scaling metrics'!DP93 -> 46.429688
R94: 0.375 | S94: ='dynamic scaling metrics'!DQ93 -> 77.34375 | T94: ='dynamic scaling metrics'!DR93 -> 74.324219 | U94: ='dynamic scaling metrics'!DS93 -> 70.863281 | V94: ='dynamic scaling metrics'!DT93 -> 59.079427 | W94: ='dynamic scaling metrics'!DU93 -> 62.322917 | X94: ='dynamic scaling metrics'!DV93 -> 53.33724 | Y94: ='dynamic scaling metrics'!DW93 -> 51.722656 | Z94: ='dynamic scaling metrics'!DX93 -> 45.613281
R95: 0.5 | S95: ='dynamic scaling metrics'!DX93 -> 45.613281 | T95: ='dynamic scaling metrics'!DY93 -> 69.791667 | U95: ='dynamic scaling metrics'!DZ93 -> 67.453125 | V95: ='dynamic scaling metrics'!EA93 -> 64.755208 | W95: ='dynamic scaling metrics'!EB93 -> 54.598958 | X95: ='dynamic scaling metrics'!EC93 -> 58.041667 | Y95: ='dynamic scaling metrics'!ED93 -> 50.067708 | Z95: ='dynamic scaling metrics'!EE93 -> 49.651042 | AK95: =Q91 -> M2no6
R96: 0.625 | S96: ='dynamic scaling metrics'!EF93 -> 44.796875 | T96: ='dynamic scaling metrics'!EG93 -> 62.239583 | U96: ='dynamic scaling metrics'!EH93 -> 60.582031 | V96: ='dynamic scaling metrics'!EI93 -> 58.647135 | W96: ='dynamic scaling metrics'!EJ93 -> 50.11849 | X96: ='dynamic scaling metrics'!EK93 -> 53.760417 | Y96: ='dynamic scaling metrics'!EL93 -> 46.798177 | Z96: ='dynamic scaling metrics'!EM93 -> 47.579427 | AB96: 0 | AC96: 0.125 | AD96: 0.25 | AE96: 0.375 | AF96: 0.5 | AG96: 0.625 | AH96: 0.75 | AI96: 0.875 | AK96: MainStream AI | AL96: =AVERAGE(U95:X96,AD97:AG97) -> 55.777018
Q97: M2no7 | R97: 0 | S97: ='dynamic scaling metrics'!CS99 -> 100 | T97: ='dynamic scaling metrics'!CT99 -> 94.802083 | U97: ='dynamic scaling metrics'!CU99 -> 88.885417 | V97: ='dynamic scaling metrics'!CV99 -> 72.010417 | W97: ='dynamic scaling metrics'!CW99 -> 74.416667 | X97: ='dynamic scaling metrics'!CX99 -> 62.322917 | Y97: ='dynamic scaling metrics'!CY99 -> 56.59375 | Z97: ='dynamic scaling metrics'!CZ99 -> 46.364583 | AA97: =AA91 -> 0.75 | AB97: ='dynamic scaling metrics'!EN93 -> 43.980469 | AC97: ='dynamic scaling metrics'!EO93 -> 54.6875 | AD97: ='dynamic scaling metrics'!EP93 -> 53.710937 | AE97: ='dynamic scaling metrics'!EQ93 -> 52.539062 | AF97: ='dynamic scaling metrics'!ER93 -> 45.638021 | AG97: ='dynamic scaling metrics'!ES93 -> 49.479167 | AH97: ='dynamic scaling metrics'!ET93 -> 43.528646 | AI97: ='dynamic scaling metrics'!EU93 -> 45.507812
Q98: Weight | R98: 0.125 | S98: ='dynamic scaling metrics'!DA99 -> 94.010417 | T98: ='dynamic scaling metrics'!DB99 -> 89.46224 | U98: ='dynamic scaling metrics'!DC99 -> 84.285156 | V98: ='dynamic scaling metrics'!DD99 -> 68.86849 | W98: ='dynamic scaling metrics'!DE99 -> 71.625 | X98: ='dynamic scaling metrics'!DF99 -> 60.391927 | Y98: ='dynamic scaling metrics'!DG99 -> 56.029948 | Z98: ='dynamic scaling metrics'!DH99 -> 47.079427 | AA98: =AA92 -> 0.875 | AB98: ='dynamic scaling metrics'!EV93 -> 43.164062 | AC98: ='dynamic scaling metrics'!EW93 -> 47.135417 | AD98: ='dynamic scaling metrics'!EX93 -> 46.839844 | AE98: ='dynamic scaling metrics'!EY93 -> 46.43099 | AF98: ='dynamic scaling metrics'!EZ93 -> 41.157552 | AG98: ='dynamic scaling metrics'!FA93 -> 45.197917 | AH98: ='dynamic scaling metrics'!FB93 -> 40.259115 | AI98: ='dynamic scaling metrics'!FC93 -> 43.436198
R99: 0.25 | S99: ='dynamic scaling metrics'!DI99 -> 88.020833 | T99: ='dynamic scaling metrics'!DJ99 -> 84.122396 | U99: ='dynamic scaling metrics'!DK99 -> 79.684896 | V99: ='dynamic scaling metrics'!DL99 -> 65.726562 | W99: ='dynamic scaling metrics'!DM99 -> 68.833333 | X99: ='dynamic scaling metrics'!DN99 -> 58.460938 | Y99: ='dynamic scaling metrics'!DO99 -> 55.466146 | Z99: ='dynamic scaling metrics'!DP99 -> 47.794271
R100: 0.375 | S100: ='dynamic scaling metrics'!DQ99 -> 82.03125 | T100: ='dynamic scaling metrics'!DR99 -> 78.782552 | U100: ='dynamic scaling metrics'!DS99 -> 75.084635 | V100: ='dynamic scaling metrics'!DT99 -> 62.584635 | W100: ='dynamic scaling metrics'!DU99 -> 66.041667 | X100: ='dynamic scaling metrics'!DV99 -> 56.529948 | Y100: ='dynamic scaling metrics'!DW99 -> 54.902344 | Z100: ='dynamic scaling metrics'!DX99 -> 48.509115
R101: 0.5 | S101: ='dynamic scaling metrics'!DX99 -> 48.509115 | T101: ='dynamic scaling metrics'!DY99 -> 76.041667 | U101: ='dynamic scaling metrics'!DZ99 -> 73.442708 | V101: ='dynamic scaling metrics'!EA99 -> 70.484375 | W101: ='dynamic scaling metrics'!EB99 -> 59.442708 | X101: ='dynamic scaling metrics'!EC99 -> 63.25 | Y101: ='dynamic scaling metrics'!ED99 -> 54.598958 | Z101: ='dynamic scaling metrics'!EE99 -> 54.338542 | AK101: =Q97 -> M2no7
R102: 0.625 | S102: ='dynamic scaling metrics'!EF99 -> 49.223958 | T102: ='dynamic scaling metrics'!EG99 -> 70.052083 | U102: ='dynamic scaling metrics'!EH99 -> 68.102865 | V102: ='dynamic scaling metrics'!EI99 -> 65.884115 | W102: ='dynamic scaling metrics'!EJ99 -> 56.300781 | X102: ='dynamic scaling metrics'!EK99 -> 60.458333 | Y102: ='dynamic scaling metrics'!EL99 -> 52.667969 | Z102: ='dynamic scaling metrics'!EM99 -> 53.77474 | AB102: 0 | AC102: 0.125 | AD102: 0.25 | AE102: 0.375 | AF102: 0.5 | AG102: 0.625 | AH102: 0.75 | AI102: 0.875 | AK102: MainStream AI | AL102: =AVERAGE(U101:X102,AD103:AG103) -> 62.686523
Q103: M2no8 | R103: 0 | S103: ='dynamic scaling metrics'!CS105 -> 100 | T103: ='dynamic scaling metrics'!CT105 -> 94.829787 | U103: ='dynamic scaling metrics'!CU105 -> 88.957447 | V103: ='dynamic scaling metrics'!CV105 -> 72.148936 | W103: ='dynamic scaling metrics'!CW105 -> 74.638298 | X103: ='dynamic scaling metrics'!CX105 -> 62.574468 | Y103: ='dynamic scaling metrics'!CY105 -> 57.042553 | Z103: ='dynamic scaling metrics'!CZ105 -> 46.957447 | AA103: =AA97 -> 0.75 | AB103: ='dynamic scaling metrics'!EN99 -> 49.938802 | AC103: ='dynamic scaling metrics'!EO99 -> 64.0625 | AD103: ='dynamic scaling metrics'!EP99 -> 62.763021 | AE103: ='dynamic scaling metrics'!EQ99 -> 61.283854 | AF103: ='dynamic scaling metrics'!ER99 -> 53.158854 | AG103: ='dynamic scaling metrics'!ES99 -> 57.666667 | AH103: ='dynamic scaling metrics'!ET99 -> 50.736979 | AI103: ='dynamic scaling metrics'!EU99 -> 53.210938
Q104: Weight | R104: 0.125 | S104: ='dynamic scaling metrics'!DA105 -> 92.287234 | T104: ='dynamic scaling metrics'!DB105 -> 87.8125 | U104: ='dynamic scaling metrics'!DC105 -> 82.719415 | V104: ='dynamic scaling metrics'!DD105 -> 67.573138 | W104: ='dynamic scaling metrics'!DE105 -> 70.265957 | X104: ='dynamic scaling metrics'!DF105 -> 59.235372 | Y104: ='dynamic scaling metrics'!DG105 -> 54.926862 | Z104: ='dynamic scaling metrics'!DH105 -> 46.12367 | AA104: =AA98 -> 0.875 | AB104: ='dynamic scaling metrics'!EV99 -> 50.653646 | AC104: ='dynamic scaling metrics'!EW99 -> 58.072917 | AD104: ='dynamic scaling metrics'!EX99 -> 57.423177 | AE104: ='dynamic scaling metrics'!EY99 -> 56.683594 | AF104: ='dynamic scaling metrics'!EZ99 -> 50.016927 | AG104: ='dynamic scaling metrics'!FA99 -> 54.875 | AH104: ='dynamic scaling metrics'!FB99 -> 48.80599 | AI104: ='dynamic scaling metrics'!FC99 -> 52.647135
R105: 0.25 | S105: ='dynamic scaling metrics'!DI105 -> 84.574468 | T105: ='dynamic scaling metrics'!DJ105 -> 80.795213 | U105: ='dynamic scaling metrics'!DK105 -> 76.481383 | V105: ='dynamic scaling metrics'!DL105 -> 62.99734 | W105: ='dynamic scaling metrics'!DM105 -> 65.893617 | X105: ='dynamic scaling metrics'!DN105 -> 55.896277 | Y105: ='dynamic scaling metrics'!DO105 -> 52.81117 | Z105: ='dynamic scaling metrics'!DP105 -> 45.289894
...
